h_a,xG,xGA,npxG,npxGA,deep,deep_allowed,scored,missed,xpts,result,date,wins,draws,loses,pts,npxGD,ppda.att,ppda.def,ppda_allowed.att,ppda_allowed.def,team_id,team_name,league_name,year
a,0.639599,2.57262,0.639599,2.57262,2,15,1,3,0.2794,l,2019-08-10,0,0,1,0,-1.933021,255,19,147,28,71,Aston Villa,EPL,2019
h,1.65069,1.62777,1.65069,0.866605,12,9,1,2,1.3698,l,2019-08-17,0,0,1,0,0.784085,117,9,268,25,71,Aston Villa,EPL,2019
h,0.855926,1.25668,0.855926,1.25668,6,12,2,0,0.9697,w,2019-08-23,1,0,0,3,-0.40075400000000005,265,20,146,27,71,Aston Villa,EPL,2019
a,0.30354,1.41394,0.30354,1.41394,5,13,0,1,0.4799,l,2019-08-31,0,0,1,0,-1.1104,226,25,216,24,71,Aston Villa,EPL,2019
h,1.40502,0.535279,1.40502,0.535279,4,9,0,0,2.1614999999999998,d,2019-09-16,0,1,0,1,0.869741,213,22,222,22,71,Aston Villa,EPL,2019
a,1.71546,2.53209,1.71546,1.77093,8,12,2,3,0.8444,l,2019-09-22,0,0,1,0,-0.05546999999999991,242,22,182,20,71,Aston Villa,EPL,2019
h,0.914266,1.66919,0.914266,1.66919,3,2,2,2,0.7663,d,2019-09-28,0,1,0,1,-0.7549239999999999,121,20,199,22,71,Aston Villa,EPL,2019
a,3.67827,1.84838,2.76412,1.84838,9,13,5,1,2.472,w,2019-10-05,1,0,0,3,0.9157400000000002,220,25,145,24,71,Aston Villa,EPL,2019
h,2.96692,1.32184,2.96692,1.32184,7,10,2,1,2.4098,w,2019-10-19,1,0,0,3,1.64508,271,18,200,21,71,Aston Villa,EPL,2019
a,0.980145,3.19004,0.980145,3.19004,3,18,0,3,0.2449,l,2019-10-26,0,0,1,0,-2.2098950000000004,267,10,194,24,71,Aston Villa,EPL,2019
h,0.741615,2.38824,0.741615,2.38824,2,16,1,2,0.3756,l,2019-11-02,0,0,1,0,-1.6466250000000002,293,14,88,20,71,Aston Villa,EPL,2019
a,0.473225,2.09891,0.473225,2.09891,0,8,1,2,0.31610000000000005,l,2019-11-10,0,0,1,0,-1.625685,189,30,211,32,71,Aston Villa,EPL,2019
h,2.6985,0.69784,2.6985,0.69784,14,3,2,0,2.6628,w,2019-11-25,1,0,0,3,2.00066,154,21,264,15,71,Aston Villa,EPL,2019
a,1.29701,1.84804,1.29701,1.84804,3,13,2,2,0.9371999999999999,d,2019-12-01,0,1,0,1,-0.5510299999999999,276,23,153,23,71,Aston Villa,EPL,2019
a,0.86086,1.9774,0.86086,1.9774,2,14,1,2,0.6134,l,2019-12-04,0,0,1,0,-1.11654,389,28,181,26,71,Aston Villa,EPL,2019
h,1.24141,4.03286,1.24141,4.03286,12,17,1,4,0.1341,l,2019-12-08,0,0,1,0,-2.79145,234,27,116,27,71,Aston Villa,EPL,2019
a,0.97258,1.888,0.211411,1.888,1,13,0,2,0.591,l,2019-12-14,0,0,1,0,-1.6765889999999999,217,20,192,24,71,Aston Villa,EPL,2019
h,0.921054,2.63444,0.921054,2.63444,6,5,1,3,0.3435,l,2019-12-21,0,0,1,0,-1.713386,167,16,216,18,71,Aston Villa,EPL,2019
h,0.654194,1.45005,0.654194,1.45005,4,3,1,0,0.7351000000000001,w,2019-12-26,1,0,0,3,-0.795856,265,23,166,18,71,Aston Villa,EPL,2019
a,0.610997,3.25314,0.610997,2.49197,6,8,0,3,0.1056,l,2019-12-28,0,0,1,0,-1.8809729999999998,208,13,219,25,71,Aston Villa,EPL,2019
a,1.74824,2.34418,1.74824,2.34418,5,9,2,1,0.9398,w,2020-01-01,1,0,0,3,-0.5959400000000001,265,10,143,18,71,Aston Villa,EPL,2019
h,1.12565,3.75131,0.364481,3.75131,1,20,1,6,0.1611,l,2020-01-12,0,0,1,0,-3.386829,549,16,229,30,71,Aston Villa,EPL,2019
a,1.02045,1.30028,1.02045,1.30028,4,7,1,1,1.0922,d,2020-01-18,0,1,0,1,-0.27983,291,27,210,29,71,Aston Villa,EPL,2019
h,1.06739,1.81101,1.06739,1.81101,6,1,2,1,0.7277,w,2020-01-21,1,0,0,3,-0.74362,142,23,306,33,71,Aston Villa,EPL,2019
a,1.40955,2.72236,1.40955,2.72236,7,8,1,2,0.5550999999999999,l,2020-02-01,0,0,1,0,-1.31281,107,14,220,22,71,Aston Villa,EPL,2019
h,1.71313,3.86024,1.71313,2.95505,8,9,2,3,0.3377,l,2020-02-16,0,0,1,0,-1.24192,199,21,253,29,71,Aston Villa,EPL,2019
a,0.47235,3.02926,0.47235,3.02926,4,7,0,2,0.1382,l,2020-02-22,0,0,1,0,-2.55691,148,25,232,31,71,Aston Villa,EPL,2019
a,0.672448,2.41239,0.672448,1.65122,2,8,0,4,0.2673,l,2020-03-09,0,0,1,0,-0.9787719999999999,304,23,156,29,71,Aston Villa,EPL,2019
h,1.00877,0.235909,1.00877,0.235909,5,2,0,0,2.0802,d,2020-06-17,0,1,0,1,0.7728609999999999,227,14,214,27,71,Aston Villa,EPL,2019
h,1.57223,1.14011,1.57223,1.14011,0,10,1,2,1.7817,l,2020-06-21,0,0,1,0,0.43212000000000006,336,15,98,16,71,Aston Villa,EPL,2019
a,1.22985,0.661808,1.22985,0.661808,8,3,1,1,1.8679999999999999,d,2020-06-24,0,1,0,1,0.5680420000000002,228,23,161,17,71,Aston Villa,EPL,2019
h,0.403418,0.703549,0.403418,0.703549,3,5,0,1,0.9678,l,2020-06-27,0,0,1,0,-0.300131,201,23,235,14,71,Aston Villa,EPL,2019
a,0.689775,1.0837,0.689775,1.0837,4,11,0,2,0.9176,l,2020-07-05,0,0,1,0,-0.3939250000000001,354,17,108,29,71,Aston Villa,EPL,2019
h,0.598873,2.86531,0.598873,2.10415,2,13,0,3,0.15410000000000001,l,2020-07-09,0,0,1,0,-1.5052770000000002,361,17,160,20,71,Aston Villa,EPL,2019
h,1.6977,0.974181,1.6977,0.974181,4,3,2,0,1.9465999999999999,w,2020-07-12,1,0,0,3,0.723519,232,26,149,20,71,Aston Villa,EPL,2019
a,1.52021,0.944434,1.52021,0.944434,6,6,1,1,1.8509,d,2020-07-16,0,1,0,1,0.5757760000000001,283,22,184,25,71,Aston Villa,EPL,2019
h,0.57408,0.737137,0.57408,0.737137,4,6,1,0,1.1377,w,2020-07-21,1,0,0,3,-0.163057,354,19,132,21,71,Aston Villa,EPL,2019
a,0.983594,0.781465,0.983594,0.781465,4,2,1,1,1.4911,d,2020-07-26,0,1,0,1,0.202129,234,22,130,18,71,Aston Villa,EPL,2019
a,1.2246,0.87159,1.2246,0.87159,5,5,0,0,1.6257,d,2019-08-10,0,1,0,1,0.35300999999999993,110,27,294,26,72,Everton,EPL,2019
h,0.832913,1.17279,0.832913,1.17279,4,3,1,0,1.0150000000000001,w,2019-08-17,1,0,0,3,-0.339877,195,22,157,40,72,Everton,EPL,2019
a,1.25668,0.855926,1.25668,0.855926,12,6,0,2,1.7245,l,2019-08-23,0,0,1,0,0.40075400000000005,146,27,265,20,72,Everton,EPL,2019
h,1.48842,2.00172,1.48842,2.00172,4,5,3,2,0.9823999999999999,w,2019-09-01,1,0,0,3,-0.5133000000000001,160,30,242,12,72,Everton,EPL,2019
a,1.50641,1.41542,1.50641,1.41542,9,3,1,3,1.4259,l,2019-09-15,0,0,1,0,0.09099000000000013,171,31,266,22,72,Everton,EPL,2019
h,1.26041,0.508011,1.26041,0.508011,9,2,0,2,1.9885999999999997,l,2019-09-21,0,0,1,0,0.752399,96,17,263,20,72,Everton,EPL,2019
h,2.35854,3.1082,2.35854,3.1082,6,13,1,3,0.9393,l,2019-09-28,0,0,1,0,-0.74966,392,12,204,21,72,Everton,EPL,2019
a,1.30723,0.558912,1.30723,0.558912,4,6,0,1,2.0524,l,2019-10-05,0,0,1,0,0.7483179999999999,156,20,273,14,72,Everton,EPL,2019
h,2.23324,0.459112,2.23324,0.459112,11,3,2,0,2.6186,w,2019-10-19,1,0,0,3,1.774128,183,32,191,19,72,Everton,EPL,2019
a,1.04723,1.15279,1.04723,0.391623,7,4,2,3,1.1805,l,2019-10-26,0,0,1,0,0.655607,327,28,237,28,72,Everton,EPL,2019
h,1.15532,0.243393,1.15532,0.243393,8,1,1,1,2.2648,d,2019-11-03,0,1,0,1,0.9119269999999999,281,25,184,18,72,Everton,EPL,2019
a,2.08883,0.742281,2.08883,0.742281,6,1,2,1,2.3575,w,2019-11-09,1,0,0,3,1.3465490000000002,202,31,169,17,72,Everton,EPL,2019
h,0.812693,1.80849,0.812693,1.80849,15,4,0,2,0.638,l,2019-11-23,0,0,1,0,-0.9957969999999999,137,23,189,23,72,Everton,EPL,2019
a,1.24986,2.24348,1.24986,2.24348,1,9,1,2,0.7024999999999999,l,2019-12-01,0,0,1,0,-0.99362,367,20,129,23,72,Everton,EPL,2019
a,1.76453,2.41397,1.76453,2.41397,6,10,2,5,0.9361,l,2019-12-04,0,0,1,0,-0.64944,315,35,184,19,72,Everton,EPL,2019
h,2.03892,1.25734,2.03892,1.25734,5,17,3,1,1.9575000000000002,w,2019-12-07,1,0,0,3,0.7815800000000002,350,39,83,18,72,Everton,EPL,2019
a,0.276759,1.48327,0.276759,1.48327,2,4,1,1,0.39990000000000003,d,2019-12-15,0,1,0,1,-1.2065110000000001,270,24,98,11,72,Everton,EPL,2019
h,0.486523,0.881818,0.486523,0.881818,8,1,0,0,0.8431,d,2019-12-21,0,1,0,1,-0.395295,323,26,185,23,72,Everton,EPL,2019
h,1.47521,0.565252,1.47521,0.565252,2,1,1,0,2.1380000000000003,w,2019-12-26,1,0,0,3,0.9099579999999999,105,19,314,24,72,Everton,EPL,2019
a,2.82576,1.63211,2.82576,1.63211,6,6,2,1,2.1729,w,2019-12-28,1,0,0,3,1.1936499999999999,153,18,250,17,72,Everton,EPL,2019
a,0.848942,1.79757,0.848942,1.79757,2,9,1,2,0.6552,l,2020-01-01,0,0,1,0,-0.9486279999999999,518,23,257,25,72,Everton,EPL,2019
h,2.02533,1.53324,2.02533,1.53324,10,6,1,0,1.7227000000000001,w,2020-01-11,1,0,0,3,0.4920899999999999,252,29,279,16,72,Everton,EPL,2019
a,1.95473,1.68436,1.95473,1.68436,4,2,1,1,1.5778,d,2020-01-18,0,1,0,1,0.27037,223,27,245,25,72,Everton,EPL,2019
h,2.05254,0.570931,2.05254,0.570931,5,2,2,2,2.4682999999999997,d,2020-01-21,0,1,0,1,1.4816090000000002,293,25,347,23,72,Everton,EPL,2019
a,2.70178,0.919248,2.70178,0.919248,5,2,3,2,2.6442,w,2020-02-01,1,0,0,3,1.7825319999999998,174,21,231,25,72,Everton,EPL,2019
h,2.79103,0.865323,2.79103,0.865323,2,8,3,1,2.6689,w,2020-02-08,1,0,0,3,1.925707,252,31,173,22,72,Everton,EPL,2019
a,2.65691,1.33567,2.65691,1.33567,1,5,2,3,2.3609,l,2020-02-23,0,0,1,0,1.32124,291,27,272,20,72,Everton,EPL,2019
h,2.41259,1.12561,2.41259,1.12561,5,7,1,1,2.2946,d,2020-03-01,0,1,0,1,1.2869799999999998,201,24,155,17,72,Everton,EPL,2019
a,0.445922,2.02883,0.445922,2.02883,3,9,0,4,0.2901,l,2020-03-08,0,0,1,0,-1.5829080000000002,439,23,267,21,72,Everton,EPL,2019
h,0.621456,0.659123,0.621456,0.659123,1,10,0,0,1.2691,d,2020-06-21,0,1,0,1,-0.037667000000000006,314,17,135,34,72,Everton,EPL,2019
a,0.654912,0.382813,0.654912,0.382813,1,2,1,0,1.5691000000000002,w,2020-06-24,1,0,0,3,0.27209900000000004,252,24,310,22,72,Everton,EPL,2019
h,1.17592,1.80384,0.414753,1.80384,4,11,2,1,0.8506,w,2020-07-01,1,0,0,3,-1.3890870000000002,329,21,146,25,72,Everton,EPL,2019
a,0.403762,0.511828,0.403762,0.511828,3,3,0,1,1.1391,l,2020-07-06,0,0,1,0,-0.10806599999999994,244,20,254,24,72,Everton,EPL,2019
h,0.671442,2.29684,0.671442,1.53568,2,13,1,1,0.266,d,2020-07-09,0,1,0,1,-0.864238,245,17,194,28,72,Everton,EPL,2019
a,0.286561,2.86724,0.286561,2.10607,3,4,0,3,0.0655,l,2020-07-12,0,0,1,0,-1.8195089999999998,354,19,287,20,72,Everton,EPL,2019
h,0.944434,1.52021,0.944434,1.52021,6,6,1,1,0.8672,d,2020-07-16,0,1,0,1,-0.5757760000000001,184,25,283,22,72,Everton,EPL,2019
a,0.624814,0.468461,0.624814,0.468461,3,5,1,0,1.5150000000000001,w,2020-07-20,1,0,0,3,0.15635299999999996,209,16,285,25,72,Everton,EPL,2019
h,1.74699,1.46461,1.74699,0.703516,13,7,1,3,1.5886,l,2020-07-26,0,0,1,0,1.043474,123,23,434,32,72,Everton,EPL,2019
h,1.34099,1.59864,1.34099,1.59864,4,6,1,1,1.0171999999999999,d,2019-08-10,0,1,0,1,-0.25765000000000016,204,15,274,30,73,Bournemouth,EPL,2019
a,1.62777,1.65069,0.866605,1.65069,9,12,2,1,1.3578,w,2019-08-17,1,0,0,3,-0.784085,268,25,117,9,73,Bournemouth,EPL,2019
h,1.89345,3.12856,1.89345,3.12856,3,17,1,3,0.6611,l,2019-08-25,0,0,1,0,-1.2351099999999997,458,20,119,23,73,Bournemouth,EPL,2019
a,0.554726,2.23766,0.554726,2.23766,7,10,1,3,0.2616,l,2019-08-31,0,0,1,0,-1.682934,320,32,242,35,73,Bournemouth,EPL,2019
h,1.41542,1.50641,1.41542,1.50641,3,9,3,1,1.2948,w,2019-09-15,1,0,0,3,-0.09099000000000013,266,22,171,31,73,Bournemouth,EPL,2019
a,1.29773,2.18021,1.29773,1.41904,2,6,3,1,0.7326999999999999,w,2019-09-20,1,0,0,3,-0.12131000000000003,287,16,143,35,73,Bournemouth,EPL,2019
h,2.31957,1.29546,2.31957,1.29546,8,17,2,2,2.0753,d,2019-09-28,0,1,0,1,1.02411,225,20,262,20,73,Bournemouth,EPL,2019
a,0.683967,1.24109,0.683967,1.24109,7,10,0,1,0.8124,l,2019-10-06,0,0,1,0,-0.557123,235,23,246,35,73,Bournemouth,EPL,2019
h,0.675554,0.402873,0.675554,0.402873,7,5,0,0,1.5813000000000001,d,2019-10-19,0,1,0,1,0.272681,254,20,213,18,73,Bournemouth,EPL,2019
a,0.899526,0.674903,0.899526,0.674903,3,5,0,0,1.4985,d,2019-10-26,0,1,0,1,0.22462300000000002,178,19,342,26,73,Bournemouth,EPL,2019
h,1.86862,0.641129,1.86862,0.641129,3,4,1,0,2.382,w,2019-11-02,1,0,0,3,1.227491,223,27,170,20,73,Bournemouth,EPL,2019
a,1.9213,2.3306,1.9213,2.3306,10,5,1,2,1.0846,l,2019-11-09,0,0,1,0,-0.4093,133,17,321,17,73,Bournemouth,EPL,2019
h,0.849789,1.2765,0.849789,1.2765,3,7,1,2,0.9449000000000001,l,2019-11-23,0,0,1,0,-0.42671099999999995,323,23,274,20,73,Bournemouth,EPL,2019
a,1.02949,2.93189,1.02949,2.93189,6,9,2,3,0.3314,l,2019-11-30,0,0,1,0,-1.9024,274,32,240,27,73,Bournemouth,EPL,2019
a,0.342799,0.383763,0.342799,0.383763,10,6,0,1,1.186,l,2019-12-03,0,0,1,0,-0.040964,118,21,305,15,73,Bournemouth,EPL,2019
h,0.154608,3.04446,0.154608,3.04446,2,19,0,3,0.0506,l,2019-12-07,0,0,1,0,-2.889852,527,12,159,17,73,Bournemouth,EPL,2019
a,1.20777,2.02119,1.20777,2.02119,3,6,1,0,0.8432,w,2019-12-14,1,0,0,3,-0.8134199999999998,327,19,136,30,73,Bournemouth,EPL,2019
h,0.138532,0.144318,0.138532,0.144318,6,0,0,1,1.1115,l,2019-12-21,0,0,1,0,-0.005786000000000013,100,18,235,28,73,Bournemouth,EPL,2019
h,1.55463,1.42464,1.55463,1.42464,9,13,1,1,1.4987000000000001,d,2019-12-26,0,1,0,1,0.12999000000000005,357,15,199,26,73,Bournemouth,EPL,2019
a,0.500726,1.05876,0.500726,1.05876,5,11,0,2,0.8031999999999999,l,2019-12-28,0,0,1,0,-0.5580339999999999,274,16,225,24,73,Bournemouth,EPL,2019
a,0.720709,2.32825,0.720709,1.56708,4,8,0,4,0.27480000000000004,l,2020-01-01,0,0,1,0,-0.846371,239,15,428,19,73,Bournemouth,EPL,2019
h,0.320447,2.29827,0.320447,2.29827,5,7,0,3,0.1713,l,2020-01-12,0,0,1,0,-1.977823,196,15,286,25,73,Bournemouth,EPL,2019
a,0.558298,1.76046,0.558298,0.999292,4,6,0,1,0.4197,l,2020-01-18,0,0,1,0,-0.440994,330,24,166,17,73,Bournemouth,EPL,2019
h,1.92315,1.97227,1.92315,1.97227,6,4,3,1,1.3207,w,2020-01-21,1,0,0,3,-0.04912000000000005,345,31,135,21,73,Bournemouth,EPL,2019
h,2.72236,1.40955,2.72236,1.40955,8,7,2,1,2.2741,w,2020-02-01,1,0,0,3,1.31281,220,22,107,14,73,Bournemouth,EPL,2019
a,1.07183,2.04467,1.07183,2.04467,8,10,1,2,0.6331,l,2020-02-09,0,0,1,0,-0.9728399999999999,203,20,178,19,73,Bournemouth,EPL,2019
a,1.75718,3.09935,1.75718,2.33818,5,5,0,3,0.5741,l,2020-02-22,0,0,1,0,-0.581,125,11,230,21,73,Bournemouth,EPL,2019
h,1.58495,1.98271,1.58495,1.98271,4,14,2,2,1.0560999999999998,d,2020-02-29,0,1,0,1,-0.3977599999999999,448,26,142,26,73,Bournemouth,EPL,2019
a,1.29544,1.89453,1.29544,1.89453,3,9,1,2,0.8778,l,2020-03-07,0,0,1,0,-0.5990900000000001,345,17,95,20,73,Bournemouth,EPL,2019
h,0.363637,0.788453,0.363637,0.788453,6,4,0,2,0.8336,l,2020-06-20,0,0,1,0,-0.42481599999999997,162,18,235,24,73,Bournemouth,EPL,2019
a,0.0619009,0.715002,0.0619009,0.715002,1,1,0,1,0.5594,l,2020-06-24,0,0,1,0,-0.6531011,264,18,193,16,73,Bournemouth,EPL,2019
h,1.27503,2.23457,1.27503,2.23457,10,9,1,4,0.6983,l,2020-07-01,0,0,1,0,-0.9595400000000001,239,23,304,17,73,Bournemouth,EPL,2019
a,1.52161,2.63259,0.760443,1.87142,1,15,2,5,0.6491,l,2020-07-04,0,0,1,0,-1.110977,344,15,135,15,73,Bournemouth,EPL,2019
h,0.960349,0.479274,0.960349,0.479274,6,5,0,0,1.8205,d,2020-07-09,0,1,0,1,0.48107500000000003,258,21,123,19,73,Bournemouth,EPL,2019
h,2.54311,1.66084,1.78195,1.66084,3,14,4,1,2.0753,w,2020-07-12,1,0,0,3,0.12110999999999983,314,17,215,23,73,Bournemouth,EPL,2019
a,1.66635,0.82755,1.66635,0.82755,11,8,1,2,2.048,l,2020-07-15,0,0,1,0,0.8388,445,16,98,20,73,Bournemouth,EPL,2019
h,0.583117,2.24527,0.583117,1.48411,8,10,0,2,0.2875,l,2020-07-19,0,0,1,0,-0.900993,173,27,117,17,73,Bournemouth,EPL,2019
a,1.46461,1.74699,0.703516,1.74699,7,13,3,1,1.0957,w,2020-07-26,1,0,0,3,-1.043474,434,32,123,23,73,Bournemouth,EPL,2019
a,1.08752,0.909241,1.08752,0.909241,9,0,0,3,1.5136,l,2019-08-10,0,0,1,0,0.17827900000000008,143,26,167,18,74,Southampton,EPL,2019
h,2.14047,1.52022,2.14047,1.52022,1,6,1,2,1.8258999999999999,l,2019-08-17,0,0,1,0,0.6202500000000002,288,24,132,14,74,Southampton,EPL,2019
a,2.07795,0.997711,2.07795,0.997711,6,6,2,0,2.2194000000000003,w,2019-08-24,1,0,0,3,1.080239,215,20,211,23,74,Southampton,EPL,2019
h,0.769616,1.90356,0.769616,1.90356,6,13,1,1,0.5769,d,2019-08-31,0,1,0,1,-1.133944,260,39,190,14,74,Southampton,EPL,2019
a,1.57659,1.88034,1.57659,1.88034,7,8,1,0,1.1662,w,2019-09-14,1,0,0,3,-0.30374999999999996,218,17,263,21,74,Southampton,EPL,2019
h,2.18021,1.29773,1.41904,1.29773,6,2,1,3,2.0278,l,2019-09-20,0,0,1,0,0.12131000000000003,143,35,287,16,74,Southampton,EPL,2019
a,1.16256,1.19008,1.16256,1.19008,8,7,1,2,1.3081999999999998,l,2019-09-28,0,0,1,0,-0.02751999999999999,209,37,254,8,74,Southampton,EPL,2019
h,1.27044,2.15201,1.27044,2.15201,5,10,1,4,0.7488,l,2019-10-06,0,0,1,0,-0.8815700000000002,283,26,211,19,74,Southampton,EPL,2019
a,1.37695,0.887495,1.37695,0.126326,5,3,1,1,1.7256,d,2019-10-19,0,1,0,1,1.250624,289,24,220,15,74,Southampton,EPL,2019
h,0.457334,4.38046,0.457334,3.6193,1,9,0,9,0.0228,l,2019-10-25,0,0,1,0,-3.161966,358,21,118,37,74,Southampton,EPL,2019
a,0.893889,3.36132,0.893889,3.36132,2,31,1,2,0.11629999999999999,l,2019-11-02,0,0,1,0,-2.467431,213,12,83,26,74,Southampton,EPL,2019
h,0.742281,2.08883,0.742281,2.08883,1,6,1,2,0.4354,l,2019-11-09,0,0,1,0,-1.3465490000000002,169,17,202,31,74,Southampton,EPL,2019
a,2.60312,1.60823,1.68664,1.60823,10,3,2,2,2.078,d,2019-11-23,0,1,0,1,0.07840999999999987,257,35,144,24,74,Southampton,EPL,2019
h,1.9671,0.504005,1.9671,0.504005,8,5,2,1,2.6235,w,2019-11-30,1,0,0,3,1.463095,136,18,284,20,74,Southampton,EPL,2019
h,2.00232,0.896647,2.00232,0.896647,9,3,2,1,2.2681,w,2019-12-04,1,0,0,3,1.1056730000000001,335,36,166,12,74,Southampton,EPL,2019
a,1.89255,1.10449,1.89255,1.10449,6,3,1,2,1.9841000000000002,l,2019-12-08,0,0,1,0,0.78806,146,30,207,15,74,Southampton,EPL,2019
h,0.805884,0.90324,0.805884,0.90324,7,8,0,1,1.2782,l,2019-12-14,0,0,1,0,-0.097356,139,18,239,20,74,Southampton,EPL,2019
a,2.63444,0.921054,2.63444,0.921054,5,6,3,1,2.5233,w,2019-12-21,1,0,0,3,1.713386,216,18,167,16,74,Southampton,EPL,2019
a,0.981321,0.859973,0.981321,0.859973,2,10,2,0,1.4689,w,2019-12-26,1,0,0,3,0.12134800000000001,351,28,184,36,74,Southampton,EPL,2019
h,1.47937,0.137837,1.47937,0.137837,4,2,1,1,2.5254,d,2019-12-28,0,1,0,1,1.341533,184,34,271,14,74,Southampton,EPL,2019
h,1.51192,1.078,1.51192,1.078,4,4,1,0,1.7049,w,2020-01-01,1,0,0,3,0.43391999999999986,255,40,148,23,74,Southampton,EPL,2019
a,2.40601,0.780114,2.40601,0.780114,3,2,2,1,2.5170999999999997,w,2020-01-11,1,0,0,3,1.6258960000000002,255,33,120,10,74,Southampton,EPL,2019
h,0.786974,2.1772,0.786974,1.41604,2,5,2,3,0.3968,l,2020-01-18,0,0,1,0,-0.629066,187,36,199,13,74,Southampton,EPL,2019
a,1.1306,0.674589,1.1306,0.674589,8,9,2,0,1.7599999999999998,w,2020-01-21,1,0,0,3,0.45601100000000006,180,40,188,24,74,Southampton,EPL,2019
a,0.716298,3.7195,0.716298,3.7195,7,8,0,4,0.060500000000000005,l,2020-02-01,0,0,1,0,-3.003202,293,23,137,22,74,Southampton,EPL,2019
h,0.694025,0.892699,0.694025,0.892699,6,2,1,2,1.1051000000000002,l,2020-02-15,0,0,1,0,-0.19867400000000002,134,18,248,25,74,Southampton,EPL,2019
h,3.02926,0.47235,3.02926,0.47235,7,4,2,0,2.7830000000000004,w,2020-02-22,1,0,0,3,2.55691,232,31,148,25,74,Southampton,EPL,2019
a,0.868573,2.78682,0.868573,2.78682,7,5,1,3,0.2749,l,2020-02-29,0,0,1,0,-1.918247,100,22,277,19,74,Southampton,EPL,2019
h,0.348871,3.06384,0.348871,2.30267,4,4,0,1,0.056,l,2020-03-07,0,0,1,0,-1.953799,263,21,115,23,74,Southampton,EPL,2019
a,1.87099,0.654932,1.87099,0.654932,8,2,3,0,2.2550999999999997,w,2020-06-19,1,0,0,3,1.2160579999999999,202,36,119,15,74,Southampton,EPL,2019
h,0.738305,2.18595,0.738305,2.18595,6,6,0,2,0.3715,l,2020-06-25,0,0,1,0,-1.447645,236,30,218,24,74,Southampton,EPL,2019
a,1.3364,0.365347,1.3364,0.365347,5,6,3,1,2.2212,w,2020-06-28,1,0,0,3,0.971053,194,21,207,23,74,Southampton,EPL,2019
h,0.628765,3.39575,0.628765,3.39575,2,23,1,0,0.1116,w,2020-07-05,1,0,0,3,-2.766985,426,28,143,21,74,Southampton,EPL,2019
a,2.29684,0.671442,1.53568,0.671442,13,2,1,1,2.5991,d,2020-07-09,0,1,0,1,0.864238,194,28,245,17,74,Southampton,EPL,2019
a,1.8051,1.5033,1.8051,1.5033,9,9,2,2,1.6040999999999999,d,2020-07-13,0,1,0,1,0.30179999999999985,265,30,258,19,74,Southampton,EPL,2019
h,2.33745,0.67264,2.33745,0.67264,11,8,1,1,2.5141999999999998,d,2020-07-16,0,1,0,1,1.6648100000000001,115,21,296,15,74,Southampton,EPL,2019
a,2.24527,0.583117,1.48411,0.583117,10,8,2,0,2.5762,w,2020-07-19,1,0,0,3,0.900993,117,17,173,27,74,Southampton,EPL,2019
h,1.64306,1.41051,0.881887,1.41051,10,1,3,1,1.5176999999999998,w,2020-07-26,1,0,0,3,-0.528623,102,15,405,23,74,Southampton,EPL,2019
h,0.543759,0.812949,0.543759,0.812949,7,3,0,0,1.0341,d,2019-08-11,0,1,0,1,-0.26919000000000004,148,23,392,21,75,Leicester,EPL,2019
a,0.947941,1.22629,0.947941,1.22629,5,4,1,1,1.0811,d,2019-08-18,0,1,0,1,-0.27834900000000007,233,37,275,26,75,Leicester,EPL,2019
a,0.704879,0.654318,0.704879,0.654318,9,4,2,1,1.3217999999999999,w,2019-08-24,1,0,0,3,0.05056100000000008,152,17,262,23,75,Leicester,EPL,2019
h,2.23766,0.554726,2.23766,0.554726,10,7,3,1,2.6031,w,2019-08-31,1,0,0,3,1.682934,242,35,320,32,75,Leicester,EPL,2019
a,0.459141,1.10019,0.459141,0.339017,4,4,0,1,0.6281000000000001,l,2019-09-14,0,0,1,0,0.12012400000000001,167,35,243,25,75,Leicester,EPL,2019
h,1.28752,1.33735,1.28752,1.33735,7,9,2,1,1.3097,w,2019-09-21,1,0,0,3,-0.04983000000000004,234,22,191,34,75,Leicester,EPL,2019
h,1.82438,0.054134,1.82438,0.054134,13,1,5,0,2.7768,w,2019-09-29,1,0,0,3,1.770246,189,34,393,11,75,Leicester,EPL,2019
a,0.0982107,3.74867,0.0982107,2.9875,4,12,1,2,0.0114,l,2019-10-05,0,0,1,0,-2.8892892999999997,259,28,249,32,75,Leicester,EPL,2019
h,0.8291,1.79569,0.8291,1.79569,6,3,2,1,0.613,w,2019-10-19,1,0,0,3,-0.9665900000000001,114,15,304,20,75,Leicester,EPL,2019
a,4.38046,0.457334,3.6193,0.457334,9,1,9,0,2.964,w,2019-10-25,1,0,0,3,3.161966,118,37,358,21,75,Leicester,EPL,2019
a,0.981167,0.44291,0.981167,0.44291,5,5,2,0,1.8316,w,2019-11-03,1,0,0,3,0.538257,186,29,267,15,75,Leicester,EPL,2019
h,1.37055,0.961339,1.37055,0.961339,14,10,2,0,1.6416000000000002,w,2019-11-09,1,0,0,3,0.4092109999999999,275,34,240,14,75,Leicester,EPL,2019
a,3.50917,0.784706,2.748,0.784706,9,8,2,0,2.8392,w,2019-11-23,1,0,0,3,1.9632940000000003,243,9,247,15,75,Leicester,EPL,2019
h,2.24348,1.24986,2.24348,1.24986,9,1,2,1,2.0822,w,2019-12-01,1,0,0,3,0.99362,129,23,367,20,75,Leicester,EPL,2019
h,2.28735,0.199733,1.52619,0.199733,9,4,2,0,2.8303000000000003,w,2019-12-04,1,0,0,3,1.326457,151,21,325,24,75,Leicester,EPL,2019
a,4.03286,1.24141,4.03286,1.24141,17,12,4,1,2.8034999999999997,w,2019-12-08,1,0,0,3,2.79145,116,27,234,27,75,Leicester,EPL,2019
h,1.06421,1.16408,1.06421,1.16408,5,7,1,1,1.217,d,2019-12-14,0,1,0,1,-0.0998699999999999,211,30,253,22,75,Leicester,EPL,2019
a,1.01388,3.59139,1.01388,2.83026,0,17,1,3,0.1476,l,2019-12-21,0,0,1,0,-1.81638,395,12,276,32,75,Leicester,EPL,2019
h,0.120994,3.76973,0.120994,3.00856,3,6,0,4,0.0095,l,2019-12-26,0,0,1,0,-2.887566,348,17,263,23,75,Leicester,EPL,2019
a,2.62349,0.782104,1.86232,0.782104,8,7,2,1,2.6163999999999996,w,2019-12-28,1,0,0,3,1.080216,167,22,304,34,75,Leicester,EPL,2019
a,2.43642,0.780118,2.43642,0.780118,16,2,3,0,2.5794,w,2020-01-01,1,0,0,3,1.6563020000000002,122,34,519,13,75,Leicester,EPL,2019
h,0.780114,2.40601,0.780114,2.40601,2,3,1,2,0.3319,l,2020-01-11,0,0,1,0,-1.6258960000000002,120,10,255,33,75,Leicester,EPL,2019
a,2.33415,1.50886,1.55792,1.50886,14,3,1,2,2.016,l,2020-01-19,0,0,1,0,0.04905999999999988,226,23,243,25,75,Leicester,EPL,2019
h,2.91302,1.16254,2.15185,0.401371,18,2,4,1,2.6223,w,2020-01-22,1,0,0,3,1.7504790000000001,131,22,316,20,75,Leicester,EPL,2019
h,1.65956,0.806995,1.65956,0.806995,5,8,2,2,2.0278,d,2020-02-01,0,1,0,1,0.8525649999999999,259,33,278,19,75,Leicester,EPL,2019
a,0.527366,1.14491,0.527366,1.14491,3,6,0,0,0.7931,d,2020-02-14,0,1,0,1,-0.6175440000000001,182,28,277,18,75,Leicester,EPL,2019
h,0.723269,2.42749,0.723269,1.66632,3,12,0,1,0.2948,l,2020-02-22,0,0,1,0,-0.943051,370,16,182,30,75,Leicester,EPL,2019
a,1.42581,0.591716,1.42581,0.591716,10,5,0,1,2.041,l,2020-02-28,0,0,1,0,0.834094,173,23,229,28,75,Leicester,EPL,2019
h,2.41239,0.672448,1.65122,0.672448,8,2,4,0,2.595,w,2020-03-09,1,0,0,3,0.9787719999999999,156,29,304,23,75,Leicester,EPL,2019
a,1.05245,1.00765,1.05245,1.00765,3,5,1,1,1.3740999999999999,d,2020-06-20,0,1,0,1,0.04480000000000017,76,20,281,21,75,Leicester,EPL,2019
h,0.505486,1.10227,0.505486,0.341106,8,1,0,0,0.6738,d,2020-06-23,0,1,0,1,0.16437999999999997,135,18,343,23,75,Leicester,EPL,2019
a,1.80384,1.17592,1.80384,0.414753,11,4,1,2,1.8745,l,2020-07-01,0,0,1,0,1.3890870000000002,146,25,329,21,75,Leicester,EPL,2019
h,2.20683,0.507537,2.20683,0.507537,6,2,3,0,2.5669000000000004,w,2020-07-04,1,0,0,3,1.699293,269,32,298,19,75,Leicester,EPL,2019
a,1.00238,1.29023,1.00238,1.29023,5,8,1,1,1.0814,d,2020-07-07,0,1,0,1,-0.28784999999999994,152,19,308,18,75,Leicester,EPL,2019
a,1.66084,2.54311,1.66084,1.78195,14,3,1,4,0.7019,l,2020-07-12,0,0,1,0,-0.12110999999999983,215,23,314,17,75,Leicester,EPL,2019
h,3.05752,0.660214,3.05752,0.660214,6,1,2,0,2.7788000000000004,w,2020-07-16,1,0,0,3,2.397306,185,20,234,23,75,Leicester,EPL,2019
a,1.20085,0.766922,1.20085,0.766922,6,2,0,3,1.7006,l,2020-07-19,0,0,1,0,0.433928,170,26,381,18,75,Leicester,EPL,2019
h,0.754668,1.41019,0.754668,0.649054,2,9,0,2,0.74,l,2020-07-26,0,0,1,0,0.10561399999999999,276,28,249,31,75,Leicester,EPL,2019
h,0.87159,1.2246,0.87159,1.2246,5,5,0,0,1.0512,d,2019-08-10,0,1,0,1,-0.35300999999999993,294,26,110,27,78,Crystal Palace,EPL,2019
a,0.241912,1.84778,0.241912,1.84778,5,2,0,1,0.22060000000000002,l,2019-08-18,0,0,1,0,-1.605868,174,15,278,25,78,Crystal Palace,EPL,2019
a,0.676993,2.23561,0.676993,1.47444,2,7,2,1,0.35029999999999994,w,2019-08-24,1,0,0,3,-0.797447,275,18,96,14,78,Crystal Palace,EPL,2019
h,1.41394,0.30354,1.41394,0.30354,13,5,1,0,2.2757,w,2019-08-31,1,0,0,3,1.1104,216,24,226,25,78,Crystal Palace,EPL,2019
a,0.577323,1.04944,0.577323,1.04944,5,8,0,4,0.8706999999999999,l,2019-09-14,0,0,1,0,-0.4721169999999999,410,24,216,33,78,Crystal Palace,EPL,2019
h,0.984777,1.75572,0.984777,1.75572,6,5,1,1,0.7636000000000001,d,2019-09-22,0,1,0,1,-0.7709429999999999,265,19,263,21,78,Crystal Palace,EPL,2019
h,1.80497,0.712129,1.0438,0.712129,11,10,2,0,2.2533,w,2019-09-28,1,0,0,3,0.33167100000000005,294,23,164,18,78,Crystal Palace,EPL,2019
a,2.0682,1.23577,1.30703,1.23577,7,7,2,1,2.1092,w,2019-10-05,1,0,0,3,0.07125999999999988,281,14,281,19,78,Crystal Palace,EPL,2019
h,0.616864,4.02104,0.616864,4.02104,5,21,0,2,0.0503,l,2019-10-19,0,0,1,0,-3.404176,353,19,128,19,78,Crystal Palace,EPL,2019
a,1.77892,1.54014,1.01775,1.54014,1,8,2,2,1.6021,d,2019-10-27,0,1,0,1,-0.5223900000000001,263,10,161,21,78,Crystal Palace,EPL,2019
h,0.44291,0.981167,0.44291,0.981167,5,5,0,2,0.8167,l,2019-11-03,0,0,1,0,-0.538257,267,15,186,29,78,Crystal Palace,EPL,2019
a,0.479488,3.28903,0.479488,3.28903,3,11,0,2,0.0769,l,2019-11-09,0,0,1,0,-2.809542,320,23,217,28,78,Crystal Palace,EPL,2019
h,1.02306,1.64291,1.02306,1.64291,8,11,1,2,0.8560000000000001,l,2019-11-23,0,0,1,0,-0.61985,285,13,182,18,78,Crystal Palace,EPL,2019
a,0.936732,1.8509,0.936732,1.8509,6,5,2,0,0.6598,w,2019-11-30,1,0,0,3,-0.914168,175,24,268,32,78,Crystal Palace,EPL,2019
h,0.383763,0.342799,0.383763,0.342799,6,10,1,0,1.2658,w,2019-12-03,1,0,0,3,0.040964,305,15,118,21,78,Crystal Palace,EPL,2019
a,0.210746,1.57132,0.210746,1.57132,2,7,0,0,0.2552,d,2019-12-07,0,1,0,1,-1.3605740000000002,181,20,231,22,78,Crystal Palace,EPL,2019
h,0.484859,2.48355,0.484859,2.48355,5,11,1,1,0.1452,d,2019-12-16,0,1,0,1,-1.9986910000000002,309,16,168,32,78,Crystal Palace,EPL,2019
a,0.985368,0.714368,0.985368,0.714368,14,6,0,1,1.524,l,2019-12-21,0,0,1,0,0.271,199,23,300,24,78,Crystal Palace,EPL,2019
h,2.14195,0.796338,2.14195,0.796338,12,8,2,1,2.3714999999999997,w,2019-12-26,1,0,0,3,1.345612,169,17,327,33,78,Crystal Palace,EPL,2019
a,0.137837,1.47937,0.137837,1.47937,2,4,1,1,0.2757,d,2019-12-28,0,1,0,1,-1.341533,271,14,184,34,78,Crystal Palace,EPL,2019
a,1.29896,1.66454,1.29896,1.66454,7,7,1,1,1.0735999999999999,d,2020-01-01,0,1,0,1,-0.36558,192,24,248,22,78,Crystal Palace,EPL,2019
h,0.317862,1.43924,0.317862,1.43924,5,8,1,1,0.2649,d,2020-01-11,0,1,0,1,-1.121378,291,33,182,32,78,Crystal Palace,EPL,2019
a,0.586716,2.47314,0.586716,2.47314,2,23,2,2,0.2482,d,2020-01-18,0,1,0,1,-1.8864239999999999,295,10,128,26,78,Crystal Palace,EPL,2019
h,0.674589,1.1306,0.674589,1.1306,9,8,0,2,0.9164,l,2020-01-21,0,0,1,0,-0.45601100000000006,188,24,180,40,78,Crystal Palace,EPL,2019
h,0.970063,0.860755,0.970063,0.860755,6,4,0,1,1.4110999999999998,l,2020-02-01,0,0,1,0,0.10930799999999996,132,12,299,29,78,Crystal Palace,EPL,2019
a,0.865323,2.79103,0.865323,2.79103,8,2,1,3,0.22060000000000002,l,2020-02-08,0,0,1,0,-1.925707,173,22,252,31,78,Crystal Palace,EPL,2019
h,1.75552,0.164495,1.75552,0.164495,8,2,1,0,2.6224,w,2020-02-22,1,0,0,3,1.591025,282,41,193,20,78,Crystal Palace,EPL,2019
a,2.17159,1.78712,2.17159,1.78712,5,8,1,0,1.6598000000000002,w,2020-02-29,1,0,0,3,0.3844700000000001,307,18,142,23,78,Crystal Palace,EPL,2019
h,0.856107,0.449161,0.856107,0.449161,10,7,1,0,1.7397,w,2020-03-07,1,0,0,3,0.406946,227,22,181,31,78,Crystal Palace,EPL,2019
a,0.788453,0.363637,0.788453,0.363637,4,6,2,0,1.7765,w,2020-06-20,1,0,0,3,0.42481599999999997,235,24,162,18,78,Crystal Palace,EPL,2019
a,0.0645285,2.56729,0.0645285,2.56729,0,14,0,4,0.053500000000000006,l,2020-06-24,0,0,1,0,-2.5027614999999996,475,6,181,35,78,Crystal Palace,EPL,2019
h,1.06533,0.359906,1.06533,0.359906,12,3,0,1,1.982,l,2020-06-29,0,0,1,0,0.705424,188,22,235,18,78,Crystal Palace,EPL,2019
a,0.507537,2.20683,0.507537,2.20683,2,6,0,3,0.2902,l,2020-07-04,0,0,1,0,-1.699293,298,19,269,32,78,Crystal Palace,EPL,2019
h,1.2882,2.65753,1.2882,2.65753,7,8,2,3,0.4898,l,2020-07-07,0,0,1,0,-1.36933,336,24,192,26,78,Crystal Palace,EPL,2019
a,0.974181,1.6977,0.974181,1.6977,3,4,0,2,0.8033,l,2020-07-12,0,0,1,0,-0.723519,149,20,232,26,78,Crystal Palace,EPL,2019
h,0.572141,1.90448,0.572141,1.90448,7,8,0,2,0.4463,l,2020-07-16,0,0,1,0,-1.332339,373,32,206,26,78,Crystal Palace,EPL,2019
a,0.440119,1.48696,0.440119,1.48696,1,4,0,2,0.42310000000000003,l,2020-07-20,0,0,1,0,-1.0468410000000001,257,22,240,17,78,Crystal Palace,EPL,2019
h,0.988534,0.310302,0.988534,0.310302,6,3,1,1,2.0478,d,2020-07-26,0,1,0,1,0.678232,278,21,227,36,78,Crystal Palace,EPL,2019
a,0.842407,2.23456,0.842407,2.23456,5,11,1,4,0.4405,l,2019-08-09,0,0,1,0,-1.392153,236,11,208,35,79,Norwich,EPL,2019
h,2.09572,0.920429,2.09572,0.920429,9,6,3,1,2.2375,w,2019-08-17,1,0,0,3,1.175291,195,14,350,20,79,Norwich,EPL,2019
h,1.07904,1.89428,1.07904,1.89428,5,12,2,3,0.7872000000000001,l,2019-08-24,0,0,1,0,-0.81524,290,29,302,22,79,Norwich,EPL,2019
a,1.1674,2.20657,1.1674,2.20657,5,12,0,2,0.6576,l,2019-08-31,0,0,1,0,-1.0391700000000001,236,27,298,38,79,Norwich,EPL,2019
h,1.7413,2.34436,1.7413,2.34436,6,14,3,2,0.9923,w,2019-09-14,1,0,0,3,-0.6030599999999999,258,14,191,24,79,Norwich,EPL,2019
a,0.801428,2.39312,0.801428,2.39312,9,7,0,2,0.3365,l,2019-09-21,0,0,1,0,-1.591692,149,10,292,25,79,Norwich,EPL,2019
a,0.712129,1.80497,0.712129,1.0438,10,11,0,2,0.5259,l,2019-09-28,0,0,1,0,-0.33167100000000005,164,18,294,23,79,Norwich,EPL,2019
h,1.84838,3.67827,1.84838,2.76412,13,9,1,5,0.40170000000000006,l,2019-10-05,0,0,1,0,-0.9157400000000002,145,24,220,25,79,Norwich,EPL,2019
a,0.402873,0.675554,0.402873,0.675554,5,7,0,0,0.9885,d,2019-10-19,0,1,0,1,-0.272681,213,18,254,20,79,Norwich,EPL,2019
h,0.8924,4.51232,0.8924,2.98998,6,6,1,3,0.0461,l,2019-10-27,0,0,1,0,-2.0975800000000002,225,26,247,26,79,Norwich,EPL,2019
a,0.455082,2.65496,0.455082,2.65496,5,15,0,2,0.17709999999999998,l,2019-11-02,0,0,1,0,-2.199878,289,19,216,31,79,Norwich,EPL,2019
h,0.62104,1.36017,0.62104,1.36017,11,3,0,2,0.7555000000000001,l,2019-11-08,0,0,1,0,-0.7391300000000001,144,19,342,22,79,Norwich,EPL,2019
a,1.80849,0.812693,1.80849,0.812693,4,15,2,0,2.1512000000000002,w,2019-11-23,1,0,0,3,0.9957969999999999,189,23,137,23,79,Norwich,EPL,2019
h,0.810596,1.96157,0.810596,1.20044,2,10,2,2,0.4955,d,2019-12-01,0,1,0,1,-0.38984399999999997,296,12,205,26,79,Norwich,EPL,2019
a,0.896647,2.00232,0.896647,2.00232,3,9,1,2,0.523,l,2019-12-04,0,0,1,0,-1.1056730000000001,166,12,335,36,79,Norwich,EPL,2019
h,0.585805,0.712899,0.585805,0.712899,7,2,1,2,1.1511,l,2019-12-08,0,0,1,0,-0.12709399999999993,198,16,278,25,79,Norwich,EPL,2019
a,1.16408,1.06421,1.16408,1.06421,7,5,1,1,1.4792,d,2019-12-14,0,1,0,1,0.0998699999999999,253,22,211,30,79,Norwich,EPL,2019
h,1.26536,1.65224,1.26536,1.65224,4,2,1,2,1.0513,l,2019-12-21,0,0,1,0,-0.3868799999999999,248,17,246,26,79,Norwich,EPL,2019
a,1.45005,0.654194,1.45005,0.654194,3,4,0,1,2.0065,l,2019-12-26,0,0,1,0,0.795856,166,18,265,23,79,Norwich,EPL,2019
h,0.268052,1.82189,0.268052,1.06076,4,11,2,2,0.21989999999999998,d,2019-12-28,0,1,0,1,-0.792708,254,30,196,20,79,Norwich,EPL,2019
h,1.66454,1.29896,1.66454,1.29896,7,7,1,1,1.6349,d,2020-01-01,0,1,0,1,0.36558,248,22,192,24,79,Norwich,EPL,2019
a,0.275987,3.13456,0.275987,2.37339,4,17,0,4,0.0353,l,2020-01-11,0,0,1,0,-2.097403,302,19,225,45,79,Norwich,EPL,2019
h,1.76046,0.558298,0.999292,0.558298,6,4,1,0,2.3787000000000003,w,2020-01-18,1,0,0,3,0.440994,166,17,330,24,79,Norwich,EPL,2019
a,1.42472,2.22282,0.663547,2.22282,11,7,1,2,0.6974,l,2020-01-22,0,0,1,0,-1.5592730000000001,242,17,280,31,79,Norwich,EPL,2019
a,2.39985,0.937293,2.39985,0.937293,9,2,0,0,2.4265000000000003,d,2020-02-01,0,1,0,1,1.4625569999999999,200,26,249,22,79,Norwich,EPL,2019
h,0.383495,2.07331,0.383495,2.07331,3,13,0,1,0.2038,l,2020-02-15,0,0,1,0,-1.6898150000000003,318,7,220,27,79,Norwich,EPL,2019
a,0.360646,3.25033,0.360646,3.25033,5,3,0,3,0.0293,l,2020-02-23,0,0,1,0,-2.889684,224,23,370,35,79,Norwich,EPL,2019
h,0.591716,1.42581,0.591716,1.42581,5,10,1,0,0.6886,w,2020-02-28,1,0,0,3,-0.834094,229,28,173,23,79,Norwich,EPL,2019
a,2.55449,1.17263,2.55449,1.17263,3,10,0,1,2.4715,l,2020-03-07,0,0,1,0,1.3818599999999999,129,16,338,34,79,Norwich,EPL,2019
h,0.654932,1.87099,0.654932,1.87099,2,8,0,3,0.5406000000000001,l,2020-06-19,0,0,1,0,-1.2160579999999999,119,15,202,36,79,Norwich,EPL,2019
h,0.382813,0.654912,0.382813,0.654912,2,1,0,1,0.9865,l,2020-06-24,0,0,1,0,-0.27209900000000004,310,22,252,24,79,Norwich,EPL,2019
a,0.153871,1.76496,0.153871,1.76496,2,6,0,4,0.21749999999999997,l,2020-07-01,0,0,1,0,-1.611089,260,12,253,22,79,Norwich,EPL,2019
h,0.545069,0.903046,0.545069,0.903046,9,8,0,1,0.9217,l,2020-07-04,0,0,1,0,-0.357977,255,16,352,18,79,Norwich,EPL,2019
a,1.13378,0.725199,1.13378,0.725199,7,6,1,2,1.7569000000000001,l,2020-07-07,0,0,1,0,0.40858099999999997,171,19,292,26,79,Norwich,EPL,2019
h,0.613251,3.81088,0.613251,3.81088,7,9,0,4,0.0497,l,2020-07-11,0,0,1,0,-3.197629,254,18,334,16,79,Norwich,EPL,2019
a,0.0631109,3.05119,0.0631109,3.05119,0,9,0,1,0.0322,l,2020-07-14,0,0,1,0,-2.9880791,443,16,239,30,79,Norwich,EPL,2019
h,0.576602,1.8233,0.576602,1.8233,0,17,0,2,0.48639999999999994,l,2020-07-18,0,0,1,0,-1.2466979999999999,196,8,211,31,79,Norwich,EPL,2019
a,0.786563,3.56749,0.786563,3.56749,2,37,0,5,0.1407,l,2020-07-26,0,0,1,0,-2.7809269999999997,310,10,132,20,79,Norwich,EPL,2019
a,1.09534,2.37442,1.09534,1.61326,4,8,0,4,0.4992,l,2019-08-11,0,0,1,0,-0.5179199999999999,271,42,281,31,80,Chelsea,EPL,2019
h,1.22629,0.947941,1.22629,0.947941,4,5,1,1,1.6180999999999999,d,2019-08-18,0,1,0,1,0.27834900000000007,275,26,233,37,80,Chelsea,EPL,2019
a,1.89428,1.07904,1.89428,1.07904,12,5,3,2,1.9533,w,2019-08-24,1,0,0,3,0.81524,302,22,290,29,80,Chelsea,EPL,2019
h,2.30579,1.04649,2.30579,1.04649,4,5,2,2,2.2781000000000002,d,2019-08-31,0,1,0,1,1.2593,253,17,502,24,80,Chelsea,EPL,2019
a,3.06799,1.49359,3.06799,1.49359,6,5,5,2,2.4323,w,2019-09-14,1,0,0,3,1.5744,213,30,367,28,80,Chelsea,EPL,2019
h,1.23321,1.03003,1.23321,1.03003,5,5,1,2,1.5191,l,2019-09-22,0,0,1,0,0.20317999999999992,186,16,277,35,80,Chelsea,EPL,2019
h,4.26443,0.616263,3.50326,0.616263,9,0,2,0,2.9360999999999997,w,2019-09-28,1,0,0,3,2.886997,349,24,332,26,80,Chelsea,EPL,2019
a,2.15201,1.27044,2.15201,1.27044,10,5,4,1,2.0187,w,2019-10-06,1,0,0,3,0.8815700000000002,211,19,283,26,80,Chelsea,EPL,2019
h,2.30068,0.197082,2.30068,0.197082,12,1,1,0,2.7739999999999996,w,2019-10-19,1,0,0,3,2.103598,107,23,329,14,80,Chelsea,EPL,2019
a,0.988321,2.23494,0.988321,2.23494,6,8,4,2,0.495,w,2019-10-26,1,0,0,3,-1.246619,199,19,399,25,80,Chelsea,EPL,2019
a,2.18313,1.4744,2.18313,0.713228,8,6,2,1,1.8825000000000003,w,2019-11-02,1,0,0,3,1.4699019999999998,214,19,505,25,80,Chelsea,EPL,2019
h,3.28903,0.479488,3.28903,0.479488,11,3,2,0,2.875,w,2019-11-09,1,0,0,3,2.809542,217,28,320,23,80,Chelsea,EPL,2019
a,0.820474,1.23596,0.820474,1.23596,6,14,1,2,0.9977,l,2019-11-23,0,0,1,0,-0.4154859999999999,354,19,441,27,80,Chelsea,EPL,2019
h,2.73185,1.12034,2.73185,1.12034,6,3,0,1,2.451,l,2019-11-30,0,0,1,0,1.6115100000000002,159,14,381,34,80,Chelsea,EPL,2019
h,1.9774,0.86086,1.9774,0.86086,14,2,2,1,2.1673999999999998,w,2019-12-04,1,0,0,3,1.11654,181,26,389,28,80,Chelsea,EPL,2019
a,1.25734,2.03892,1.25734,2.03892,17,5,1,3,0.8073,l,2019-12-07,0,0,1,0,-0.7815800000000002,83,18,350,39,80,Chelsea,EPL,2019
h,2.02119,1.20777,2.02119,1.20777,6,3,0,1,1.9274,l,2019-12-14,0,0,1,0,0.8134199999999998,136,30,327,19,80,Chelsea,EPL,2019
a,1.49374,0.276667,0.732575,0.276667,8,7,2,0,2.4938000000000002,w,2019-12-22,1,0,0,3,0.455908,260,25,294,23,80,Chelsea,EPL,2019
h,0.859973,0.981321,0.859973,0.981321,10,2,0,2,1.1896,l,2019-12-26,0,0,1,0,-0.12134800000000001,184,36,351,28,80,Chelsea,EPL,2019
a,1.49666,0.785214,1.49666,0.785214,8,7,2,1,1.9679999999999997,w,2019-12-29,1,0,0,3,0.7114460000000001,262,38,323,23,80,Chelsea,EPL,2019
a,1.57497,1.56978,1.57497,1.56978,7,10,1,1,1.3333,d,2020-01-01,0,1,0,1,0.005190000000000028,273,32,328,27,80,Chelsea,EPL,2019
h,2.87633,0.717407,2.11516,0.717407,10,1,3,0,2.7319,w,2020-01-11,1,0,0,3,1.3977529999999998,163,17,317,11,80,Chelsea,EPL,2019
a,2.05436,0.892988,2.05436,0.892988,11,3,0,1,2.2278000000000002,l,2020-01-18,0,0,1,0,1.161372,127,30,256,11,80,Chelsea,EPL,2019
h,3.38612,0.568077,2.62495,0.568077,21,2,2,2,2.899,d,2020-01-21,0,1,0,1,2.056873,233,28,260,12,80,Chelsea,EPL,2019
a,0.806995,1.65956,0.806995,1.65956,8,5,2,2,0.7105,d,2020-02-01,0,1,0,1,-0.8525649999999999,278,19,259,33,80,Chelsea,EPL,2019
h,0.940204,0.681814,0.940204,0.681814,11,2,0,2,1.5236,l,2020-02-17,0,0,1,0,0.25839,215,24,365,28,80,Chelsea,EPL,2019
h,1.78193,0.265879,1.78193,0.265879,5,1,2,1,2.612,w,2020-02-22,1,0,0,3,1.516051,354,47,341,31,80,Chelsea,EPL,2019
a,1.98271,1.58495,1.98271,1.58495,14,4,2,2,1.6806999999999999,d,2020-02-29,0,1,0,1,0.3977599999999999,142,26,448,26,80,Chelsea,EPL,2019
h,2.02883,0.445922,2.02883,0.445922,9,3,4,0,2.5452,w,2020-03-08,1,0,0,3,1.5829080000000002,267,21,439,23,80,Chelsea,EPL,2019
a,1.14011,1.57223,1.14011,1.57223,10,0,2,1,0.9417,w,2020-06-21,1,0,0,3,-0.43212000000000006,98,16,336,15,80,Chelsea,EPL,2019
h,4.206,0.690594,3.44483,0.690594,7,10,2,1,2.9477,w,2020-06-25,1,0,0,3,2.754236,391,13,250,11,80,Chelsea,EPL,2019
a,1.57609,2.10497,0.814917,2.10497,8,7,2,3,0.9429000000000001,l,2020-07-01,0,0,1,0,-1.290053,123,19,357,17,80,Chelsea,EPL,2019
h,2.78877,0.608971,2.0276,0.608971,9,3,3,0,2.7356000000000003,w,2020-07-04,1,0,0,3,1.4186290000000001,179,16,429,17,80,Chelsea,EPL,2019
a,2.65753,1.2882,2.65753,1.2882,8,7,3,2,2.3234,w,2020-07-07,1,0,0,3,1.36933,192,26,336,24,80,Chelsea,EPL,2019
a,1.17509,2.00632,1.17509,2.00632,3,5,0,3,0.7263999999999999,l,2020-07-11,0,0,1,0,-0.8312300000000001,71,15,505,11,80,Chelsea,EPL,2019
h,3.05119,0.0631109,3.05119,0.0631109,9,0,1,0,2.9404,w,2020-07-14,1,0,0,3,2.9880791,239,30,443,16,80,Chelsea,EPL,2019
a,2.38205,1.45179,2.38205,1.45179,3,5,3,5,2.1068,l,2020-07-22,0,0,1,0,0.9302600000000001,354,24,363,30,80,Chelsea,EPL,2019
h,1.15938,0.164561,1.15938,0.164561,7,2,2,0,2.2747,w,2020-07-26,1,0,0,3,0.9948190000000001,198,29,392,27,80,Chelsea,EPL,2019
h,1.2003,3.18377,1.2003,2.42264,1,9,0,5,0.2522,l,2019-08-10,0,0,1,0,-1.22234,328,20,215,31,81,West Ham,EPL,2019
a,1.00856,2.40461,1.00856,2.40461,4,8,1,1,0.4871,d,2019-08-17,0,1,0,1,-1.39605,275,31,192,35,81,West Ham,EPL,2019
a,3.45768,2.29348,2.69651,2.29348,10,20,3,1,2.1833,w,2019-08-24,1,0,0,3,0.4030299999999998,246,19,195,21,81,West Ham,EPL,2019
h,2.20657,1.1674,2.20657,1.1674,12,5,2,0,2.1159000000000003,w,2019-08-31,1,0,0,3,1.0391700000000001,298,38,236,27,81,West Ham,EPL,2019
a,0.535279,1.40502,0.535279,1.40502,9,4,0,0,0.5889,d,2019-09-16,0,1,0,1,-0.869741,222,22,213,22,81,West Ham,EPL,2019
h,0.51376,1.27826,0.51376,1.27826,4,5,2,0,0.6305,w,2019-09-22,1,0,0,3,-0.7645,284,19,189,11,81,West Ham,EPL,2019
a,1.29546,2.31957,1.29546,2.31957,17,8,2,2,0.7235,d,2019-09-28,0,1,0,1,-1.02411,262,20,225,20,81,West Ham,EPL,2019
h,1.23577,2.0682,1.23577,1.30703,7,7,1,2,0.6572,l,2019-10-05,0,0,1,0,-0.07125999999999988,281,19,281,14,81,West Ham,EPL,2019
a,0.459112,2.23324,0.459112,2.23324,3,11,0,2,0.25370000000000004,l,2019-10-19,0,0,1,0,-1.774128,191,19,183,32,81,West Ham,EPL,2019
h,2.33891,1.16171,2.33891,1.16171,9,7,1,1,2.3030000000000004,d,2019-10-26,0,1,0,1,1.1771999999999998,162,16,303,21,81,West Ham,EPL,2019
h,1.53597,1.93192,1.53597,1.93192,17,5,2,3,1.0710000000000002,l,2019-11-02,0,0,1,0,-0.39595,100,24,246,17,81,West Ham,EPL,2019
a,0.474281,2.4158,0.474281,2.4158,5,5,0,3,0.214,l,2019-11-09,0,0,1,0,-1.941519,137,24,218,24,81,West Ham,EPL,2019
h,0.661449,2.20681,0.661449,2.20681,6,3,2,3,0.3375,l,2019-11-23,0,0,1,0,-1.545361,272,24,209,23,81,West Ham,EPL,2019
a,1.12034,2.73185,1.12034,2.73185,3,6,1,0,0.39330000000000004,w,2019-11-30,1,0,0,3,-1.6115100000000002,381,34,159,14,81,West Ham,EPL,2019
a,0.501977,1.82237,0.501977,1.82237,4,5,0,2,0.4048,l,2019-12-04,0,0,1,0,-1.3203930000000001,256,26,287,31,81,West Ham,EPL,2019
h,0.521847,1.79181,0.521847,1.79181,4,7,1,3,0.40509999999999996,l,2019-12-09,0,0,1,0,-1.269963,449,37,139,6,81,West Ham,EPL,2019
a,0.90324,0.805884,0.90324,0.805884,8,7,1,0,1.3766,w,2019-12-14,1,0,0,3,0.097356,239,20,139,18,81,West Ham,EPL,2019
a,0.796338,2.14195,0.796338,2.14195,8,12,1,2,0.44730000000000003,l,2019-12-26,0,0,1,0,-1.345612,327,33,169,17,81,West Ham,EPL,2019
h,0.782104,2.62349,0.782104,1.86232,7,8,1,2,0.2692,l,2019-12-28,0,0,1,0,-1.080216,304,34,167,22,81,West Ham,EPL,2019
h,2.32825,0.720709,1.56708,0.720709,8,4,4,0,2.5677000000000003,w,2020-01-01,1,0,0,3,0.846371,428,19,239,15,81,West Ham,EPL,2019
a,0.90477,2.02768,0.90477,2.02768,3,4,0,1,0.5763,l,2020-01-10,0,0,1,0,-1.12291,208,19,278,28,81,West Ham,EPL,2019
h,1.68436,1.95473,1.68436,1.95473,2,4,1,1,1.1683000000000001,d,2020-01-18,0,1,0,1,-0.27037,245,25,223,27,81,West Ham,EPL,2019
a,1.16254,2.91302,0.401371,2.15185,2,18,1,4,0.2424,l,2020-01-22,0,0,1,0,-1.7504790000000001,316,20,131,22,81,West Ham,EPL,2019
h,0.878341,2.59926,0.878341,1.83809,2,11,0,2,0.2893,l,2020-01-29,0,0,1,0,-0.959749,537,14,202,27,81,West Ham,EPL,2019
h,1.30774,2.03179,1.30774,2.03179,5,9,3,3,0.8782000000000001,d,2020-02-01,0,1,0,1,-0.7240500000000001,364,21,152,24,81,West Ham,EPL,2019
a,0.0895892,2.13777,0.0895892,2.13777,1,13,0,2,0.11860000000000001,l,2020-02-19,0,0,1,0,-2.0481808000000004,439,17,133,13,81,West Ham,EPL,2019
a,0.638236,2.48209,0.638236,2.48209,3,14,2,3,0.23609999999999998,l,2020-02-24,0,0,1,0,-1.8438539999999999,337,10,121,36,81,West Ham,EPL,2019
h,2.78682,0.868573,2.78682,0.868573,5,7,3,1,2.6128,w,2020-02-29,1,0,0,3,1.918247,277,19,100,22,81,West Ham,EPL,2019
a,1.61615,1.55974,1.61615,1.55974,10,7,0,1,1.3869,l,2020-03-07,0,0,1,0,0.05641000000000007,347,15,118,10,81,West Ham,EPL,2019
h,0.44207,1.06433,0.44207,1.06433,1,8,0,2,0.6318,l,2020-06-20,0,0,1,0,-0.62226,293,17,193,12,81,West Ham,EPL,2019
a,0.83104,2.24125,0.83104,2.24125,3,8,0,2,0.4129,l,2020-06-23,0,0,1,0,-1.41021,375,22,163,14,81,West Ham,EPL,2019
h,2.10497,1.57609,2.10497,0.814917,7,8,3,2,1.8044999999999998,w,2020-07-01,1,0,0,3,1.290053,357,17,123,19,81,West Ham,EPL,2019
a,2.03065,1.49121,2.03065,1.49121,4,13,2,2,1.7875999999999999,d,2020-07-05,0,1,0,1,0.5394400000000001,324,25,187,11,81,West Ham,EPL,2019
h,1.99821,1.05291,1.99821,1.05291,8,6,0,1,2.0684,l,2020-07-08,0,0,1,0,0.9453,186,17,193,8,81,West Ham,EPL,2019
a,3.81088,0.613251,3.81088,0.613251,9,7,4,0,2.9212999999999996,w,2020-07-11,1,0,0,3,3.197629,334,16,254,18,81,West Ham,EPL,2019
h,0.833995,1.03402,0.833995,1.03402,2,8,3,1,1.1349,w,2020-07-17,1,0,0,3,-0.2000249999999999,204,21,99,19,81,West Ham,EPL,2019
a,1.29009,0.984161,0.528922,0.984161,2,13,1,1,1.6327,d,2020-07-22,0,1,0,1,-0.45523899999999995,241,18,237,20,81,West Ham,EPL,2019
h,0.781465,0.983594,0.781465,0.983594,2,4,1,1,1.1626,d,2020-07-26,0,1,0,1,-0.202129,130,18,234,22,81,West Ham,EPL,2019
h,2.57262,0.639599,2.57262,0.639599,15,2,3,1,2.5932999999999997,w,2019-08-10,1,0,0,3,1.933021,147,28,255,19,82,Tottenham,EPL,2019
a,0.074542,3.20076,0.074542,3.20076,2,10,2,2,0.037599999999999995,d,2019-08-17,0,1,0,1,-3.1262179999999997,330,7,386,43,82,Tottenham,EPL,2019
h,1.25927,0.51428,1.25927,0.51428,8,5,0,1,2.0469,l,2019-08-25,0,0,1,0,0.7449899999999999,92,19,323,10,82,Tottenham,EPL,2019
a,1.95514,1.92509,1.19397,1.92509,6,12,2,2,1.4545,d,2019-09-01,0,1,0,1,-0.73112,207,17,224,33,82,Tottenham,EPL,2019
h,1.04944,0.577323,1.04944,0.577323,8,5,4,0,1.7965,w,2019-09-14,1,0,0,3,0.4721169999999999,216,33,410,24,82,Tottenham,EPL,2019
a,1.33735,1.28752,1.33735,1.28752,9,7,1,2,1.4105,l,2019-09-21,0,0,1,0,0.04983000000000004,191,34,234,22,82,Tottenham,EPL,2019
h,1.19008,1.16256,1.19008,1.16256,7,8,2,1,1.3805,w,2019-09-28,1,0,0,3,0.02751999999999999,254,8,209,37,82,Tottenham,EPL,2019
a,0.478504,2.60017,0.478504,2.60017,4,12,0,3,0.10780000000000001,l,2019-10-05,0,0,1,0,-2.121666,259,17,301,37,82,Tottenham,EPL,2019
h,0.891617,0.846851,0.891617,0.846851,10,2,1,1,1.3987999999999998,d,2019-10-19,0,1,0,1,0.04476599999999997,171,23,359,19,82,Tottenham,EPL,2019
a,1.35143,2.18851,1.35143,1.42734,4,13,1,2,0.7543,l,2019-10-27,0,0,1,0,-0.07591000000000014,323,10,147,29,82,Tottenham,EPL,2019
a,0.243393,1.15532,0.243393,1.15532,1,8,1,1,0.46,d,2019-11-03,0,1,0,1,-0.9119269999999999,184,18,281,25,82,Tottenham,EPL,2019
h,1.5104,0.923443,1.5104,0.923443,4,6,1,1,1.844,d,2019-11-09,0,1,0,1,0.586957,162,17,334,29,82,Tottenham,EPL,2019
a,2.20681,0.661449,2.20681,0.661449,3,6,3,2,2.5092,w,2019-11-23,1,0,0,3,1.545361,209,23,272,24,82,Tottenham,EPL,2019
h,2.93189,1.02949,2.93189,1.02949,9,6,3,2,2.5444999999999998,w,2019-11-30,1,0,0,3,1.9024,240,27,274,32,82,Tottenham,EPL,2019
a,0.542315,1.47683,0.542315,0.715699,2,1,1,2,0.5272,l,2019-12-04,0,0,1,0,-0.17338399999999998,229,27,280,38,82,Tottenham,EPL,2019
h,2.39684,1.08645,2.39684,1.08645,3,1,5,0,2.3573,w,2019-12-07,1,0,0,3,1.3103900000000002,297,27,305,27,82,Tottenham,EPL,2019
a,0.989205,0.718669,0.989205,0.718669,10,8,2,1,1.6016,w,2019-12-15,1,0,0,3,0.270536,226,26,207,31,82,Tottenham,EPL,2019
h,0.276667,1.49374,0.276667,0.732575,7,8,0,2,0.314,l,2019-12-22,0,0,1,0,-0.455908,294,23,260,25,82,Tottenham,EPL,2019
h,1.02645,1.09007,1.02645,1.09007,7,2,2,1,1.2662000000000002,w,2019-12-26,1,0,0,3,-0.06362000000000001,243,24,252,26,82,Tottenham,EPL,2019
a,1.82189,0.268052,1.06076,0.268052,11,4,2,2,2.6391,d,2019-12-28,0,1,0,1,0.792708,196,20,254,30,82,Tottenham,EPL,2019
a,1.078,1.51192,1.078,1.51192,4,4,0,1,1.0095,l,2020-01-01,0,0,1,0,-0.43391999999999986,148,23,255,40,82,Tottenham,EPL,2019
h,1.10584,1.74564,1.10584,1.74564,4,21,0,1,0.8857999999999999,l,2020-01-11,0,0,1,0,-0.6398000000000001,479,16,246,20,82,Tottenham,EPL,2019
a,1.76697,2.39174,1.76697,1.63057,13,9,0,0,0.9373,d,2020-01-18,0,1,0,1,0.13639999999999985,124,17,275,30,82,Tottenham,EPL,2019
h,2.22282,1.42472,2.22282,0.663547,7,11,2,1,2.0477000000000003,w,2020-01-22,1,0,0,3,1.5592730000000001,280,31,242,17,82,Tottenham,EPL,2019
h,0.42029300000000003,3.25139,0.42029300000000003,2.49022,6,21,2,0,0.056999999999999995,w,2020-02-02,1,0,0,3,-2.069927,364,17,183,25,82,Tottenham,EPL,2019
a,3.86024,1.71313,2.95505,1.71313,9,8,3,2,2.5529,w,2020-02-16,1,0,0,3,1.24192,253,29,199,21,82,Tottenham,EPL,2019
a,0.265879,1.78193,0.265879,1.78193,1,5,1,2,0.2399,l,2020-02-22,0,0,1,0,-1.516051,341,31,354,47,82,Tottenham,EPL,2019
h,1.63079,2.62251,1.63079,2.62251,5,2,2,3,0.6457999999999999,l,2020-03-01,0,0,1,0,-0.9917200000000002,175,25,394,31,82,Tottenham,EPL,2019
a,1.13669,3.33302,0.375517,3.33302,4,6,1,1,0.1775,d,2020-03-07,0,1,0,1,-2.957503,213,17,235,31,82,Tottenham,EPL,2019
h,0.534852,1.77307,0.534852,1.01191,1,7,1,1,0.3997,d,2020-06-19,0,1,0,1,-0.4770580000000001,305,19,183,33,82,Tottenham,EPL,2019
h,2.24125,0.83104,2.24125,0.83104,8,3,2,0,2.4177999999999997,w,2020-06-23,1,0,0,3,1.41021,163,14,375,22,82,Tottenham,EPL,2019
a,1.01524,1.59994,1.01524,1.59994,8,9,1,3,0.7694000000000001,l,2020-07-02,0,0,1,0,-0.5847,115,22,359,22,82,Tottenham,EPL,2019
h,0.511828,0.403762,0.511828,0.403762,3,3,1,0,1.3731,w,2020-07-06,1,0,0,3,0.10806599999999994,254,24,244,20,82,Tottenham,EPL,2019
a,0.479274,0.960349,0.479274,0.960349,5,6,0,0,0.8269,d,2020-07-09,0,1,0,1,-0.48107500000000003,123,19,258,21,82,Tottenham,EPL,2019
h,1.81846,0.68991,1.81846,0.68991,4,6,2,1,2.262,w,2020-07-12,1,0,0,3,1.12855,443,26,209,16,82,Tottenham,EPL,2019
a,1.7498,1.05748,1.7498,1.05748,7,5,3,1,2.0094000000000003,w,2020-07-15,1,0,0,3,0.69232,317,27,266,15,82,Tottenham,EPL,2019
h,0.766922,1.20085,0.766922,1.20085,2,6,3,0,0.9902,w,2020-07-19,1,0,0,3,-0.433928,381,18,170,26,82,Tottenham,EPL,2019
a,0.310302,0.988534,0.310302,0.988534,3,6,1,1,0.6189,d,2020-07-26,0,1,0,1,-0.678232,227,36,278,21,82,Tottenham,EPL,2019
a,1.13309,0.380551,1.13309,0.380551,10,1,1,0,2.073,w,2019-08-11,1,0,0,3,0.752539,210,19,383,29,83,Arsenal,EPL,2019
h,1.1644,1.39172,1.1644,1.39172,8,4,2,1,1.1533,w,2019-08-17,1,0,0,3,-0.22731999999999997,85,16,296,26,83,Arsenal,EPL,2019
a,0.985542,2.78821,0.985542,2.02704,7,9,1,3,0.3434,l,2019-08-24,0,0,1,0,-1.0414979999999998,199,7,362,37,83,Arsenal,EPL,2019
h,1.92509,1.95514,1.92509,1.19397,12,6,2,2,1.2919,d,2019-09-01,0,1,0,1,0.73112,224,33,207,17,83,Arsenal,EPL,2019
a,1.00616,2.83209,1.00616,2.07092,7,12,2,2,0.3084,d,2019-09-15,0,1,0,1,-1.0647600000000002,257,12,254,28,83,Arsenal,EPL,2019
h,2.53209,1.71546,1.77093,1.71546,12,8,3,2,1.9361000000000002,w,2019-09-22,1,0,0,3,0.05546999999999991,182,20,242,22,83,Arsenal,EPL,2019
a,1.70399,1.1335,1.70399,1.1335,7,5,1,1,1.825,d,2019-09-30,0,1,0,1,0.5704899999999999,243,24,160,27,83,Arsenal,EPL,2019
h,1.24109,0.683967,1.24109,0.683967,10,7,1,0,1.8761999999999999,w,2019-10-06,1,0,0,3,0.557123,246,35,235,23,83,Arsenal,EPL,2019
a,0.949735,0.895722,0.949735,0.895722,8,6,0,1,1.3294000000000001,l,2019-10-21,0,0,1,0,0.05401299999999998,107,18,342,28,83,Arsenal,EPL,2019
h,1.54014,1.77892,1.54014,1.01775,8,1,2,2,1.1002,d,2019-10-27,0,1,0,1,0.5223900000000001,161,21,263,10,83,Arsenal,EPL,2019
h,1.02552,1.5103,1.02552,1.5103,9,6,1,1,0.9812,d,2019-11-02,0,1,0,1,-0.48478,197,14,294,25,83,Arsenal,EPL,2019
a,0.961339,1.37055,0.961339,1.37055,10,14,0,2,1.0485,l,2019-11-09,0,0,1,0,-0.4092109999999999,240,14,275,34,83,Arsenal,EPL,2019
h,1.60823,2.60312,1.60823,1.68664,3,10,2,2,0.7111999999999999,d,2019-11-23,0,1,0,1,-0.07840999999999987,144,24,257,35,83,Arsenal,EPL,2019
a,1.96157,0.810596,1.20044,0.810596,10,2,2,2,2.3135,d,2019-12-01,0,1,0,1,0.38984399999999997,205,26,296,12,83,Arsenal,EPL,2019
h,0.965377,1.53446,0.965377,1.53446,6,4,1,2,0.9438,l,2019-12-05,0,0,1,0,-0.5690829999999999,223,16,235,28,83,Arsenal,EPL,2019
a,1.79181,0.521847,1.79181,0.521847,7,4,3,1,2.4088000000000003,w,2019-12-09,1,0,0,3,1.269963,139,6,449,37,83,Arsenal,EPL,2019
h,0.28161,1.69553,0.28161,1.69553,1,6,0,3,0.30169999999999997,l,2019-12-15,0,0,1,0,-1.41392,417,23,315,37,83,Arsenal,EPL,2019
a,0.881818,0.486523,0.881818,0.486523,1,8,0,0,1.7956,d,2019-12-21,0,1,0,1,0.395295,185,23,323,26,83,Arsenal,EPL,2019
a,1.42464,1.55463,1.42464,1.55463,13,9,1,1,1.2271999999999998,d,2019-12-26,0,1,0,1,-0.12999000000000005,199,26,357,15,83,Arsenal,EPL,2019
h,0.785214,1.49666,0.785214,1.49666,7,8,1,2,0.7610999999999999,l,2019-12-29,0,0,1,0,-0.7114460000000001,323,23,262,38,83,Arsenal,EPL,2019
h,1.90747,0.715563,1.90747,0.715563,8,5,2,0,2.3440999999999996,w,2020-01-01,1,0,0,3,1.191907,312,23,326,29,83,Arsenal,EPL,2019
a,1.43924,0.317862,1.43924,0.317862,8,5,1,1,2.5653,d,2020-01-11,0,1,0,1,1.121378,182,32,291,33,83,Arsenal,EPL,2019
h,1.22882,1.18444,1.22882,1.18444,6,1,1,1,1.3849,d,2020-01-18,0,1,0,1,0.044380000000000086,170,18,323,36,83,Arsenal,EPL,2019
a,0.568077,3.38612,0.568077,2.62495,2,21,2,2,0.059199999999999996,d,2020-01-21,0,1,0,1,-2.056873,260,12,233,28,83,Arsenal,EPL,2019
a,1.48025,2.24562,1.48025,2.24562,4,4,0,0,0.8312,d,2020-02-02,0,1,0,1,-0.7653700000000001,146,22,268,24,83,Arsenal,EPL,2019
h,3.02257,1.16662,3.02257,1.16662,16,4,4,0,2.5614,w,2020-02-16,1,0,0,3,1.85595,164,29,352,18,83,Arsenal,EPL,2019
h,1.33567,2.65691,1.33567,2.65691,5,1,3,2,0.46340000000000003,w,2020-02-23,1,0,0,3,-1.32124,272,20,291,27,83,Arsenal,EPL,2019
h,1.55974,1.61615,1.55974,1.61615,7,10,1,0,1.3209,w,2020-03-07,1,0,0,3,-0.05641000000000007,118,10,347,15,83,Arsenal,EPL,2019
a,0.496759,2.73725,0.496759,1.97608,1,13,0,3,0.1375,l,2020-06-17,0,0,1,0,-1.479321,398,15,237,25,83,Arsenal,EPL,2019
a,0.69626999999999994,0.670973,0.69626999999999994,0.670973,4,7,1,2,1.2893999999999999,l,2020-06-20,0,0,1,0,0.025296999999999903,153,16,309,18,83,Arsenal,EPL,2019
a,2.18595,0.738305,2.18595,0.738305,6,6,2,0,2.4703,w,2020-06-25,1,0,0,3,1.447645,218,24,236,30,83,Arsenal,EPL,2019
h,1.76496,0.153871,1.76496,0.153871,6,2,4,0,2.6274,w,2020-07-01,1,0,0,3,1.611089,253,22,260,12,83,Arsenal,EPL,2019
a,1.28273,0.985166,1.28273,0.985166,1,8,2,0,1.6229,w,2020-07-04,1,0,0,3,0.29756399999999994,323,26,303,10,83,Arsenal,EPL,2019
h,1.29023,1.00238,1.29023,1.00238,8,5,1,1,1.6106,d,2020-07-07,0,1,0,1,0.28784999999999994,308,18,152,19,83,Arsenal,EPL,2019
a,0.68991,1.81846,0.68991,1.81846,6,4,1,2,0.5316,l,2020-07-12,0,0,1,0,-1.12855,209,16,443,26,83,Arsenal,EPL,2019
h,1.31516,2.2233,1.31516,2.2233,4,12,2,1,0.7855,w,2020-07-15,1,0,0,3,-0.90814,306,18,139,29,83,Arsenal,EPL,2019
a,0.737137,0.57408,0.737137,0.57408,6,4,0,1,1.4656,l,2020-07-21,0,0,1,0,0.163057,132,21,354,19,83,Arsenal,EPL,2019
h,1.95282,3.9197,1.19169,3.15853,11,11,3,2,0.3464,w,2020-07-26,1,0,0,3,-1.96684,197,12,283,25,83,Arsenal,EPL,2019
h,0.380551,1.13309,0.380551,1.13309,1,10,0,1,0.6213,l,2019-08-11,0,0,1,0,-0.752539,383,29,210,19,86,Newcastle United,EPL,2019
a,0.920429,2.09572,0.920429,2.09572,6,9,1,3,0.565,l,2019-08-17,0,0,1,0,-1.175291,350,20,195,14,86,Newcastle United,EPL,2019
a,0.51428,1.25927,0.51428,1.25927,5,8,1,0,0.6756,w,2019-08-25,1,0,0,3,-0.7449899999999999,323,10,92,19,86,Newcastle United,EPL,2019
h,1.04131,1.1068,1.04131,1.1068,2,6,1,1,1.3018,d,2019-08-31,0,1,0,1,-0.06549000000000005,294,15,252,21,86,Newcastle United,EPL,2019
a,0.291073,2.93281,0.291073,2.93281,4,19,1,3,0.0716,l,2019-09-14,0,0,1,0,-2.641737,419,10,167,24,86,Newcastle United,EPL,2019
h,1.09807,1.21592,1.09807,1.21592,4,6,0,0,1.2702,d,2019-09-21,0,1,0,1,-0.11784999999999979,458,20,128,21,86,Newcastle United,EPL,2019
a,0.054134,1.82438,0.054134,1.82438,1,13,0,5,0.12,l,2019-09-29,0,0,1,0,-1.770246,393,11,189,34,86,Newcastle United,EPL,2019
h,0.650296,0.969204,0.650296,0.969204,1,5,1,0,1.0303,w,2019-10-06,1,0,0,3,-0.31890799999999997,313,11,150,22,86,Newcastle United,EPL,2019
a,0.197082,2.30068,0.197082,2.30068,1,12,0,1,0.1328,l,2019-10-19,0,0,1,0,-2.103598,329,14,107,23,86,Newcastle United,EPL,2019
h,0.603104,1.93255,0.603104,1.93255,3,6,1,1,0.4095,d,2019-10-27,0,1,0,1,-1.329446,309,8,240,25,86,Newcastle United,EPL,2019
a,1.93192,1.53597,1.93192,1.53597,5,17,3,2,1.6709999999999998,w,2019-11-02,1,0,0,3,0.39595,246,17,100,24,86,Newcastle United,EPL,2019
h,2.3306,1.9213,2.3306,1.9213,5,10,2,1,1.6707999999999998,w,2019-11-09,1,0,0,3,0.4093,321,17,133,17,86,Newcastle United,EPL,2019
a,0.69784,2.6985,0.69784,2.6985,3,14,0,2,0.2289,l,2019-11-25,0,0,1,0,-2.00066,264,15,154,21,86,Newcastle United,EPL,2019
h,0.208252,2.44389,0.208252,2.44389,2,12,2,2,0.1259,d,2019-11-30,0,1,0,1,-2.2356380000000002,347,9,107,26,86,Newcastle United,EPL,2019
a,0.533775,1.09175,0.533775,1.09175,3,13,2,0,0.8197,w,2019-12-05,1,0,0,3,-0.557975,360,6,117,16,86,Newcastle United,EPL,2019
h,1.10449,1.89255,1.10449,1.89255,3,6,2,1,0.761,w,2019-12-08,1,0,0,3,-0.78806,207,15,146,30,86,Newcastle United,EPL,2019
a,1.08726,1.43602,1.08726,1.43602,2,2,0,1,0.9981,l,2019-12-14,0,0,1,0,-0.3487600000000002,209,20,193,27,86,Newcastle United,EPL,2019
h,0.714368,0.985368,0.714368,0.985368,6,14,1,0,1.1211,w,2019-12-21,1,0,0,3,-0.271,300,24,199,23,86,Newcastle United,EPL,2019
a,1.05018,1.99638,1.05018,1.99638,4,6,1,4,0.6888000000000001,l,2019-12-26,0,0,1,0,-0.9462000000000002,445,11,149,27,86,Newcastle United,EPL,2019
h,1.63211,2.82576,1.63211,2.82576,6,6,1,2,0.6507,l,2019-12-28,0,0,1,0,-1.1936499999999999,250,17,153,18,86,Newcastle United,EPL,2019
h,0.780118,2.43642,0.780118,2.43642,2,16,0,3,0.276,l,2020-01-01,0,0,1,0,-1.6563020000000002,519,13,122,34,86,Newcastle United,EPL,2019
a,0.184495,2.04805,0.184495,2.04805,2,2,1,1,0.12229999999999999,d,2020-01-11,0,1,0,1,-1.8635549999999999,384,23,142,30,86,Newcastle United,EPL,2019
h,0.892988,2.05436,0.892988,2.05436,3,11,1,0,0.5625,w,2020-01-18,1,0,0,3,-1.161372,256,11,127,30,86,Newcastle United,EPL,2019
a,0.570931,2.05254,0.570931,2.05254,2,5,2,2,0.3611,d,2020-01-21,0,1,0,1,-1.4816090000000002,347,23,293,25,86,Newcastle United,EPL,2019
h,0.937293,2.39985,0.937293,2.39985,2,9,0,0,0.41200000000000003,d,2020-02-01,0,1,0,1,-1.4625569999999999,249,22,200,26,86,Newcastle United,EPL,2019
a,1.16662,3.02257,1.16662,3.02257,4,16,0,4,0.3126,l,2020-02-16,0,0,1,0,-1.85595,352,18,164,29,86,Newcastle United,EPL,2019
a,0.164495,1.75552,0.164495,1.75552,2,8,0,1,0.22450000000000003,l,2020-02-22,0,0,1,0,-1.591025,193,20,282,41,86,Newcastle United,EPL,2019
h,1.11713,0.617612,1.11713,0.617612,5,1,0,0,1.7626,d,2020-02-29,0,1,0,1,0.4995179999999999,146,22,186,21,86,Newcastle United,EPL,2019
a,3.06384,0.348871,2.30267,0.348871,4,4,1,0,2.9078,w,2020-03-07,1,0,0,3,1.953799,115,23,263,21,86,Newcastle United,EPL,2019
h,2.15148,0.57107,2.15148,0.57107,4,4,3,0,2.5711,w,2020-06-21,1,0,0,3,1.5804099999999999,277,10,281,18,86,Newcastle United,EPL,2019
h,0.661808,1.22985,0.661808,1.22985,3,8,1,1,0.8392999999999999,d,2020-06-24,0,1,0,1,-0.5680420000000002,161,17,228,23,86,Newcastle United,EPL,2019
a,2.23457,1.27503,2.23457,1.27503,9,10,4,1,2.0827999999999998,w,2020-07-01,1,0,0,3,0.9595400000000001,304,17,239,23,86,Newcastle United,EPL,2019
h,1.49121,2.03065,1.49121,2.03065,13,4,2,2,0.95,d,2020-07-05,0,1,0,1,-0.5394400000000001,187,11,324,25,86,Newcastle United,EPL,2019
a,0.21643,3.28662,0.21643,3.28662,1,23,0,5,0.0549,l,2020-07-08,0,0,1,0,-3.07019,500,15,166,26,86,Newcastle United,EPL,2019
a,1.49134,3.12855,1.49134,1.60621,1,11,1,2,0.3524,l,2020-07-11,0,0,1,0,-0.1148699999999998,145,12,175,28,86,Newcastle United,EPL,2019
h,1.05748,1.7498,1.05748,1.7498,5,7,1,3,0.7338,l,2020-07-15,0,0,1,0,-0.69232,266,15,317,27,86,Newcastle United,EPL,2019
a,0.929091,0.855896,0.929091,0.855896,3,4,0,0,1.3894,d,2020-07-20,0,1,0,1,0.07319500000000001,324,21,175,26,86,Newcastle United,EPL,2019
h,0.339294,0.56818,0.339294,0.56818,0,7,1,3,1.0681,l,2020-07-26,0,0,1,0,-0.22888600000000003,441,23,150,25,86,Newcastle United,EPL,2019
h,2.23456,0.842407,2.23456,0.842407,11,5,4,1,2.3863,w,2019-08-09,1,0,0,3,1.392153,208,35,236,11,87,Liverpool,EPL,2019
a,1.52022,2.14047,1.52022,2.14047,6,1,2,1,0.9462999999999999,w,2019-08-17,1,0,0,3,-0.6202500000000002,132,14,288,24,87,Liverpool,EPL,2019
h,2.78821,0.985542,2.02704,0.985542,9,7,3,1,2.5204999999999997,w,2019-08-24,1,0,0,3,1.0414979999999998,362,37,199,7,87,Liverpool,EPL,2019
a,1.20057,0.61739,1.20057,0.61739,11,0,3,0,1.8342,w,2019-08-31,1,0,0,3,0.5831799999999999,149,24,309,19,87,Liverpool,EPL,2019
h,2.93281,0.291073,2.93281,0.291073,19,4,3,1,2.8820000000000006,w,2019-09-14,1,0,0,3,2.641737,167,24,419,10,87,Liverpool,EPL,2019
a,1.03003,1.23321,1.03003,1.23321,5,5,2,1,1.1699,w,2019-09-22,1,0,0,3,-0.20317999999999992,277,35,186,16,87,Liverpool,EPL,2019
a,1.97079,1.17022,1.97079,1.17022,11,1,1,0,1.9795999999999998,w,2019-09-28,1,0,0,3,0.80057,124,11,412,17,87,Liverpool,EPL,2019
h,3.74867,0.0982107,2.9875,0.0982107,12,4,2,1,2.9796,w,2019-10-05,1,0,0,3,2.8892892999999997,249,32,259,28,87,Liverpool,EPL,2019
a,1.03212,0.791862,1.03212,0.791862,7,1,1,1,1.5203,d,2019-10-20,0,1,0,1,0.24025799999999997,150,29,378,12,87,Liverpool,EPL,2019
h,2.18851,1.35143,1.42734,1.35143,13,4,2,1,2.0089,w,2019-10-27,1,0,0,3,0.07591000000000014,147,29,323,10,87,Liverpool,EPL,2019
a,2.38824,0.741615,2.38824,0.741615,16,2,2,1,2.4680999999999997,w,2019-11-02,1,0,0,3,1.6466250000000002,88,20,293,14,87,Liverpool,EPL,2019
h,1.3319,1.48104,1.3319,1.48104,6,9,3,1,1.2262,w,2019-11-10,1,0,0,3,-0.14913999999999983,266,13,253,21,87,Liverpool,EPL,2019
a,1.64291,1.02306,1.64291,1.02306,11,8,2,1,1.8781,w,2019-11-23,1,0,0,3,0.61985,182,18,285,13,87,Liverpool,EPL,2019
h,1.36832,0.867601,1.36832,0.867601,11,3,2,1,1.7929,w,2019-11-30,1,0,0,3,0.500719,358,24,271,18,87,Liverpool,EPL,2019
h,2.41397,1.76453,2.41397,1.76453,10,6,5,2,1.831,w,2019-12-04,1,0,0,3,0.64944,184,19,315,35,87,Liverpool,EPL,2019
a,3.04446,0.154608,3.04446,0.154608,19,2,3,0,2.9126,w,2019-12-07,1,0,0,3,2.889852,159,17,527,12,87,Liverpool,EPL,2019
h,1.56674,1.01166,1.56674,1.01166,10,7,2,0,1.8184,w,2019-12-14,1,0,0,3,0.55508,131,26,391,22,87,Liverpool,EPL,2019
a,3.76973,0.120994,3.00856,0.120994,6,3,4,0,2.9819,w,2019-12-26,1,0,0,3,2.887566,263,23,348,17,87,Liverpool,EPL,2019
h,1.49124,0.363764,1.49124,0.363764,14,3,1,0,2.3516000000000004,w,2019-12-29,1,0,0,3,1.127476,188,30,384,18,87,Liverpool,EPL,2019
h,3.0465,0.634607,3.0465,0.634607,16,7,2,0,2.8575,w,2020-01-02,1,0,0,3,2.411893,175,12,621,19,87,Liverpool,EPL,2019
a,1.74564,1.10584,1.74564,1.10584,21,4,1,0,1.8569,w,2020-01-11,1,0,0,3,0.6398000000000001,246,20,479,16,87,Liverpool,EPL,2019
h,2.00655,1.4185,2.00655,1.4185,12,5,2,0,1.7649,w,2020-01-19,1,0,0,3,0.5880499999999997,253,23,285,19,87,Liverpool,EPL,2019
a,1.59024,1.85442,1.59024,1.85442,2,4,2,1,1.1464,w,2020-01-23,1,0,0,3,-0.26417999999999986,321,27,358,16,87,Liverpool,EPL,2019
a,2.59926,0.878341,1.83809,0.878341,11,2,2,0,2.5690000000000004,w,2020-01-29,1,0,0,3,0.959749,202,27,537,14,87,Liverpool,EPL,2019
h,3.7195,0.716298,3.7195,0.716298,8,7,4,0,2.9045,w,2020-02-01,1,0,0,3,3.003202,137,22,293,23,87,Liverpool,EPL,2019
a,2.07331,0.383495,2.07331,0.383495,13,3,1,0,2.671,w,2020-02-15,1,0,0,3,1.6898150000000003,220,27,318,7,87,Liverpool,EPL,2019
h,2.48209,0.638236,2.48209,0.638236,14,3,3,2,2.6454000000000004,w,2020-02-24,1,0,0,3,1.8438539999999999,121,36,337,10,87,Liverpool,EPL,2019
a,0.206031,2.71351,0.206031,2.71351,12,6,0,3,0.0616,l,2020-02-29,0,0,1,0,-2.507479,127,11,365,11,87,Liverpool,EPL,2019
h,1.89453,1.29544,1.89453,1.29544,9,3,2,1,1.8471000000000002,w,2020-03-07,1,0,0,3,0.5990900000000001,95,20,345,17,87,Liverpool,EPL,2019
a,0.659123,0.621456,0.659123,0.621456,10,1,0,0,1.3237,d,2020-06-21,0,1,0,1,0.037667000000000006,135,34,314,17,87,Liverpool,EPL,2019
h,2.56729,0.0645285,2.56729,0.0645285,14,0,4,0,2.8999,w,2020-06-24,1,0,0,3,2.5027614999999996,181,35,475,6,87,Liverpool,EPL,2019
a,0.819606,2.65433,0.819606,1.89316,11,7,0,4,0.3018,l,2020-07-02,0,0,1,0,-1.0735540000000001,341,22,343,11,87,Liverpool,EPL,2019
h,1.0837,0.689775,1.0837,0.689775,11,4,2,0,1.7473999999999998,w,2020-07-05,1,0,0,3,0.3939250000000001,108,29,354,17,87,Liverpool,EPL,2019
a,2.61624,2.3646,2.61624,2.3646,15,5,3,1,1.5141,w,2020-07-08,1,0,0,3,0.2516400000000001,225,26,251,12,87,Liverpool,EPL,2019
h,2.17649,0.452331,2.17649,0.452331,19,2,1,1,2.5593999999999997,d,2020-07-11,0,1,0,1,1.7241589999999998,113,13,352,15,87,Liverpool,EPL,2019
a,2.2233,1.31516,2.2233,1.31516,12,4,1,2,1.9888000000000001,l,2020-07-15,0,0,1,0,0.90814,139,29,306,18,87,Liverpool,EPL,2019
h,1.45179,2.38205,1.45179,2.38205,5,3,5,3,0.6713,w,2020-07-22,1,0,0,3,-0.9302600000000001,363,30,354,24,87,Liverpool,EPL,2019
a,0.56818,0.339294,0.56818,0.339294,7,0,3,1,1.4593000000000003,w,2020-07-26,1,0,0,3,0.22888600000000003,150,25,441,23,87,Liverpool,EPL,2019
a,3.18377,1.2003,2.42264,1.2003,9,1,5,0,2.6311999999999998,w,2019-08-10,1,0,0,3,1.22234,215,31,328,20,88,Manchester City,EPL,2019
h,3.20076,0.074542,3.20076,0.074542,10,2,2,2,2.9323,d,2019-08-17,0,1,0,1,3.1262179999999997,386,43,330,7,88,Manchester City,EPL,2019
a,3.12856,1.89345,3.12856,1.89345,17,3,3,1,2.1653000000000002,w,2019-08-25,1,0,0,3,1.2351099999999997,119,23,458,20,88,Manchester City,EPL,2019
h,2.30818,0.861035,2.30818,0.861035,16,7,4,0,2.3849,w,2019-08-31,1,0,0,3,1.4471450000000001,366,32,346,16,88,Manchester City,EPL,2019
a,2.34436,1.7413,2.34436,1.7413,14,6,2,3,1.7614999999999998,l,2019-09-14,0,0,1,0,0.6030599999999999,191,24,258,14,88,Manchester City,EPL,2019
h,6.63049,0.344718,5.86932,0.344718,13,1,8,0,2.9992,w,2019-09-21,1,0,0,3,5.524602,238,21,430,12,88,Manchester City,EPL,2019
a,3.1082,2.35854,3.1082,2.35854,13,6,3,1,1.8485999999999998,w,2019-09-28,1,0,0,3,0.74966,204,21,392,12,88,Manchester City,EPL,2019
h,1.61884,1.18825,1.61884,1.18825,13,1,0,2,1.6896,l,2019-10-06,0,0,1,0,0.43059000000000003,107,26,315,16,88,Manchester City,EPL,2019
a,4.02104,0.616864,4.02104,0.616864,21,5,2,0,2.9204,w,2019-10-19,1,0,0,3,3.404176,128,19,353,19,88,Manchester City,EPL,2019
h,3.19004,0.980145,3.19004,0.980145,18,3,3,0,2.6551,w,2019-10-26,1,0,0,3,2.2098950000000004,194,24,267,10,88,Manchester City,EPL,2019
h,3.36132,0.893889,3.36132,0.893889,31,2,2,1,2.8097,w,2019-11-02,1,0,0,3,2.467431,83,26,213,12,88,Manchester City,EPL,2019
a,1.48104,1.3319,1.48104,1.3319,9,6,1,3,1.4857,l,2019-11-10,0,0,1,0,0.14913999999999983,253,21,266,13,88,Manchester City,EPL,2019
h,1.23596,0.820474,1.23596,0.820474,14,6,2,1,1.6982,w,2019-11-23,1,0,0,3,0.4154859999999999,441,27,354,19,88,Manchester City,EPL,2019
a,2.44389,0.208252,2.44389,0.208252,12,2,2,2,2.7869,d,2019-11-30,0,1,0,1,2.2356380000000002,107,26,347,9,88,Manchester City,EPL,2019
a,2.56057,0.486548,2.56057,0.486548,13,3,4,1,2.7468000000000004,w,2019-12-03,1,0,0,3,2.074022,112,10,415,16,88,Manchester City,EPL,2019
h,2.07108,1.63385,2.07108,0.872683,23,8,1,2,1.6560000000000001,l,2019-12-07,0,0,1,0,1.198397,131,35,271,13,88,Manchester City,EPL,2019
a,1.69553,0.28161,1.69553,0.28161,6,1,3,0,2.5225999999999997,w,2019-12-15,1,0,0,3,1.41392,315,37,417,23,88,Manchester City,EPL,2019
h,3.59139,1.01388,2.83026,1.01388,17,0,3,1,2.781,w,2019-12-21,1,0,0,3,1.81638,276,32,395,12,88,Manchester City,EPL,2019
a,1.52044,2.39405,0.614563,2.39405,1,4,2,3,0.6904,l,2019-12-27,0,0,1,0,-1.779487,282,15,222,17,88,Manchester City,EPL,2019
h,1.08628,1.23346,1.08628,1.23346,9,2,2,0,1.2135,w,2019-12-29,1,0,0,3,-0.1471800000000001,142,13,484,14,88,Manchester City,EPL,2019
h,1.79757,0.848942,1.79757,0.848942,9,2,2,1,2.085,w,2020-01-01,1,0,0,3,0.9486279999999999,257,25,518,23,88,Manchester City,EPL,2019
a,3.75131,1.12565,3.75131,0.364481,20,1,6,1,2.7585,w,2020-01-12,1,0,0,3,3.386829,229,30,549,16,88,Manchester City,EPL,2019
h,2.47314,0.586716,2.47314,0.586716,23,2,2,2,2.6209,d,2020-01-18,0,1,0,1,1.8864239999999999,128,26,295,10,88,Manchester City,EPL,2019
a,2.873,0.774943,2.11183,0.774943,11,6,1,0,2.7454,w,2020-01-21,1,0,0,3,1.336887,106,12,391,17,88,Manchester City,EPL,2019
a,3.25139,0.42029300000000003,2.49022,0.42029300000000003,21,6,0,2,2.9067,l,2020-02-02,0,0,1,0,2.069927,183,25,364,17,88,Manchester City,EPL,2019
h,2.13777,0.0895892,2.13777,0.0895892,13,1,2,0,2.7859000000000003,w,2020-02-19,1,0,0,3,2.0481808000000004,133,13,439,17,88,Manchester City,EPL,2019
a,2.42749,0.723269,1.66632,0.723269,12,3,1,0,2.5724,w,2020-02-22,1,0,0,3,0.943051,182,30,370,16,88,Manchester City,EPL,2019
a,0.585469,1.7389,0.585469,1.7389,2,3,0,2,0.3539,l,2020-03-08,0,0,1,0,-1.1534309999999999,145,24,456,31,88,Manchester City,EPL,2019
h,2.73725,0.496759,1.97608,0.496759,13,1,3,0,2.7793000000000005,w,2020-06-17,1,0,0,3,1.479321,237,25,398,15,88,Manchester City,EPL,2019
h,2.71096,0.0303408,1.94979,0.0303408,13,0,5,0,2.9503,w,2020-06-22,1,0,0,3,1.9194491999999999,200,16,504,11,88,Manchester City,EPL,2019
a,0.690594,4.206,0.690594,3.44483,10,7,1,2,0.034100000000000005,l,2020-06-25,0,0,1,0,-2.754236,250,11,391,13,88,Manchester City,EPL,2019
h,2.65433,0.819606,1.89316,0.819606,7,11,4,0,2.5677,w,2020-07-02,1,0,0,3,1.0735540000000001,343,11,341,22,88,Manchester City,EPL,2019
a,3.39575,0.628765,3.39575,0.628765,23,2,0,1,2.8278,l,2020-07-05,0,0,1,0,2.766985,143,21,426,28,88,Manchester City,EPL,2019
h,3.28662,0.21643,3.28662,0.21643,23,1,5,0,2.9088000000000003,w,2020-07-08,1,0,0,3,3.07019,166,26,500,15,88,Manchester City,EPL,2019
a,5.51767,0.149588,5.51767,0.149588,14,5,5,0,2.9994000000000005,w,2020-07-11,1,0,0,3,5.368082,192,20,487,18,88,Manchester City,EPL,2019
h,0.82755,1.66635,0.82755,1.66635,8,11,2,1,0.7079,w,2020-07-15,1,0,0,3,-0.8388,98,20,445,16,88,Manchester City,EPL,2019
a,3.73814,0.131868,2.82226,0.131868,9,2,4,0,2.9856,w,2020-07-21,1,0,0,3,2.690392,121,27,357,17,88,Manchester City,EPL,2019
h,3.56749,0.786563,3.56749,0.786563,37,2,5,0,2.7879,w,2020-07-26,1,0,0,3,2.7809269999999997,132,20,310,10,88,Manchester City,EPL,2019
h,2.37442,1.09534,1.61326,1.09534,8,4,4,0,2.3226,w,2019-08-11,1,0,0,3,0.5179199999999999,281,31,271,42,89,Manchester United,EPL,2019
a,1.14332,0.307356,0.382148,0.307356,9,5,1,1,2.3024,d,2019-08-19,0,1,0,1,0.07479199999999997,184,22,399,20,89,Manchester United,EPL,2019
h,2.23561,0.676993,1.47444,0.676993,7,2,1,2,2.4880999999999998,l,2019-08-24,0,0,1,0,0.797447,96,14,275,18,89,Manchester United,EPL,2019
a,1.90356,0.769616,1.90356,0.769616,13,6,1,1,2.202,d,2019-08-31,0,1,0,1,1.133944,190,14,260,39,89,Manchester United,EPL,2019
h,1.10019,0.459141,0.339017,0.459141,4,4,1,0,2.0657,w,2019-09-14,1,0,0,3,-0.12012400000000001,243,25,167,35,89,Manchester United,EPL,2019
a,1.27826,0.51376,1.27826,0.51376,5,4,0,2,2.0981,l,2019-09-22,0,0,1,0,0.7645,189,11,284,19,89,Manchester United,EPL,2019
h,1.1335,1.70399,1.1335,1.70399,5,7,1,1,0.9196,d,2019-09-30,0,1,0,1,-0.5704899999999999,160,27,243,24,89,Manchester United,EPL,2019
a,0.969204,0.650296,0.969204,0.650296,5,1,0,1,1.6237,l,2019-10-06,0,0,1,0,0.31890799999999997,150,22,313,11,89,Manchester United,EPL,2019
h,0.791862,1.03212,0.791862,1.03212,1,7,1,1,1.0985,d,2019-10-20,0,1,0,1,-0.24025799999999997,378,12,150,29,89,Manchester United,EPL,2019
a,4.51232,0.8924,2.98998,0.8924,6,6,3,1,2.9315,w,2019-10-27,1,0,0,3,2.0975800000000002,247,26,225,26,89,Manchester United,EPL,2019
a,0.641129,1.86862,0.641129,1.86862,4,3,0,1,0.4305,l,2019-11-02,0,0,1,0,-1.227491,170,20,223,27,89,Manchester United,EPL,2019
h,3.65299,1.1342,3.65299,1.1342,9,2,3,1,2.7327,w,2019-11-10,1,0,0,3,2.51879,311,26,186,35,89,Manchester United,EPL,2019
a,1.33065,1.56025,1.33065,1.56025,6,3,3,3,1.1348,d,2019-11-24,0,1,0,1,-0.2295999999999998,164,19,325,31,89,Manchester United,EPL,2019
h,1.84804,1.29701,1.84804,1.29701,13,3,2,2,1.7835,d,2019-12-01,0,1,0,1,0.5510299999999999,153,23,276,23,89,Manchester United,EPL,2019
h,1.47683,0.542315,0.715699,0.542315,1,2,2,1,2.2216,w,2019-12-04,1,0,0,3,0.17338399999999998,280,38,229,27,89,Manchester United,EPL,2019
a,1.63385,2.07108,0.872683,2.07108,8,23,2,1,1.0968,w,2019-12-07,1,0,0,3,-1.198397,271,13,131,35,89,Manchester United,EPL,2019
h,1.48327,0.276759,1.48327,0.276759,4,2,1,1,2.3757,d,2019-12-15,0,1,0,1,1.2065110000000001,98,11,270,24,89,Manchester United,EPL,2019
a,1.5309,1.59291,1.5309,0.83174,8,8,0,2,1.3005,l,2019-12-22,0,0,1,0,0.6991599999999999,130,24,284,32,89,Manchester United,EPL,2019
h,1.99638,1.05018,1.99638,1.05018,6,4,4,1,2.0736,w,2019-12-26,1,0,0,3,0.9462000000000002,149,27,445,11,89,Manchester United,EPL,2019
a,2.10542,0.386662,2.10542,0.386662,9,3,2,0,2.6843999999999997,w,2019-12-28,1,0,0,3,1.718758,150,18,270,20,89,Manchester United,EPL,2019
a,0.715563,1.90747,0.715563,1.90747,5,8,0,2,0.45409999999999995,l,2020-01-01,0,0,1,0,-1.191907,326,29,312,23,89,Manchester United,EPL,2019
h,3.13456,0.275987,2.37339,0.275987,17,4,4,0,2.9393,w,2020-01-11,1,0,0,3,2.097403,225,45,302,19,89,Manchester United,EPL,2019
a,1.4185,2.00655,1.4185,2.00655,5,12,0,2,0.9771,l,2020-01-19,0,0,1,0,-0.5880499999999997,285,19,253,23,89,Manchester United,EPL,2019
h,1.416,0.717284,1.416,0.717284,11,3,0,2,1.8838,l,2020-01-22,0,0,1,0,0.6987159999999999,109,10,361,26,89,Manchester United,EPL,2019
h,1.18608,1.54211,1.18608,1.54211,7,4,0,0,1.1002999999999998,d,2020-02-01,0,1,0,1,-0.35603000000000007,210,29,271,29,89,Manchester United,EPL,2019
a,0.681814,0.940204,0.681814,0.940204,2,11,2,0,1.1273,w,2020-02-17,1,0,0,3,-0.25839,365,28,215,24,89,Manchester United,EPL,2019
h,2.5042,0.294956,1.74303,0.294956,8,3,3,0,2.788,w,2020-02-23,1,0,0,3,1.448074,202,22,349,38,89,Manchester United,EPL,2019
a,1.12561,2.41259,1.12561,2.41259,7,5,1,1,0.5177,d,2020-03-01,0,1,0,1,-1.2869799999999998,155,17,201,24,89,Manchester United,EPL,2019
h,1.7389,0.585469,1.7389,0.585469,3,2,2,0,2.4269,w,2020-03-08,1,0,0,3,1.1534309999999999,456,31,145,24,89,Manchester United,EPL,2019
a,1.77307,0.534852,1.01191,0.534852,7,1,1,1,2.4127,d,2020-06-19,0,1,0,1,0.4770580000000001,183,33,305,19,89,Manchester United,EPL,2019
h,2.8416,0.108082,2.8416,0.108082,11,2,3,0,2.9197,w,2020-06-24,1,0,0,3,2.733518,177,14,424,17,89,Manchester United,EPL,2019
a,1.20903,0.31013,1.20903,0.31013,9,1,3,0,2.1822,w,2020-06-30,1,0,0,3,0.8989,213,14,357,19,89,Manchester United,EPL,2019
h,2.63259,1.52161,1.87142,0.760443,15,1,5,2,2.1407,w,2020-07-04,1,0,0,3,1.110977,135,15,344,15,89,Manchester United,EPL,2019
a,2.86531,0.598873,2.10415,0.598873,13,2,3,0,2.765,w,2020-07-09,1,0,0,3,1.5052770000000002,160,20,361,17,89,Manchester United,EPL,2019
h,1.5033,1.8051,1.5033,1.8051,9,9,2,2,1.0866,d,2020-07-13,0,1,0,1,-0.30179999999999985,258,19,265,30,89,Manchester United,EPL,2019
a,1.90448,0.572141,1.90448,0.572141,8,7,2,0,2.3627,w,2020-07-16,1,0,0,3,1.332339,206,26,373,32,89,Manchester United,EPL,2019
h,0.984161,1.29009,0.984161,0.528922,13,2,1,1,1.0423,d,2020-07-22,0,1,0,1,0.45523899999999995,237,20,241,18,89,Manchester United,EPL,2019
a,1.41019,0.754668,0.649054,0.754668,9,2,2,0,1.979,w,2020-07-26,1,0,0,3,-0.10561399999999999,249,31,276,28,89,Manchester United,EPL,2019
h,0.670022,0.855516,0.670022,0.855516,7,5,0,3,1.0922,l,2019-08-10,0,0,1,0,-0.18549400000000005,274,28,230,20,90,Watford,EPL,2019
a,1.17279,0.832913,1.17279,0.832913,3,4,0,1,1.663,l,2019-08-17,0,0,1,0,0.339877,157,40,195,22,90,Watford,EPL,2019
h,2.29348,3.45768,2.29348,2.69651,20,10,1,3,0.6389,l,2019-08-24,0,0,1,0,-0.4030299999999998,195,21,246,19,90,Watford,EPL,2019
a,1.1068,1.04131,1.1068,1.04131,6,2,1,1,1.3860999999999999,d,2019-08-31,0,1,0,1,0.06549000000000005,252,21,294,15,90,Watford,EPL,2019
h,2.83209,1.00616,2.07092,1.00616,12,7,2,2,2.5551,d,2019-09-15,0,1,0,1,1.0647600000000002,254,28,257,12,90,Watford,EPL,2019
a,0.344718,6.63049,0.344718,5.86932,1,13,0,8,4e-4,l,2019-09-21,0,0,1,0,-5.524602,430,12,238,21,90,Watford,EPL,2019
a,1.06615,1.16363,1.06615,1.16363,10,5,0,2,1.1868,l,2019-09-28,0,0,1,0,-0.09748000000000001,239,21,367,16,90,Watford,EPL,2019
h,1.44318,0.353724,1.44318,0.353724,2,5,0,0,2.3876,d,2019-10-05,0,1,0,1,1.089456,310,16,148,22,90,Watford,EPL,2019
a,0.846851,0.891617,0.846851,0.891617,2,10,1,1,1.2518,d,2019-10-19,0,1,0,1,-0.04476599999999997,359,19,171,23,90,Watford,EPL,2019
h,0.674903,0.899526,0.674903,0.899526,5,3,0,0,1.1381999999999999,d,2019-10-26,0,1,0,1,-0.22462300000000002,342,26,178,19,90,Watford,EPL,2019
h,1.4744,2.18313,0.713228,2.18313,6,8,1,2,0.8637,l,2019-11-02,0,0,1,0,-1.4699019999999998,505,25,214,19,90,Watford,EPL,2019
a,1.36017,0.62104,1.36017,0.62104,3,11,2,0,1.9645,w,2019-11-08,1,0,0,3,0.7391300000000001,342,22,144,19,90,Watford,EPL,2019
h,0.902384,2.66281,0.902384,1.90164,5,2,0,3,0.275,l,2019-11-23,0,0,1,0,-0.999256,113,19,186,16,90,Watford,EPL,2019
a,0.504005,1.9671,0.504005,1.9671,5,8,1,2,0.23099999999999998,l,2019-11-30,0,0,1,0,-1.463095,284,20,136,18,90,Watford,EPL,2019
a,0.199733,2.28735,0.199733,1.52619,4,9,0,2,0.0991,l,2019-12-04,0,0,1,0,-1.326457,325,24,151,21,90,Watford,EPL,2019
h,1.57132,0.210746,1.57132,0.210746,7,2,0,0,2.5715000000000003,d,2019-12-07,0,1,0,1,1.3605740000000002,231,22,181,20,90,Watford,EPL,2019
a,1.01166,1.56674,1.01166,1.56674,7,10,0,2,0.9172,l,2019-12-14,0,0,1,0,-0.55508,391,22,131,26,90,Watford,EPL,2019
h,1.59291,1.5309,0.83174,1.5309,8,8,2,0,1.4184,w,2019-12-22,1,0,0,3,-0.6991599999999999,284,32,130,24,90,Watford,EPL,2019
a,0.596611,2.04481,0.596611,1.28364,6,6,1,1,0.32389999999999997,d,2019-12-26,0,1,0,1,-0.6870289999999999,286,14,198,15,90,Watford,EPL,2019
h,3.25314,0.610997,2.49197,0.610997,8,6,3,0,2.8371,w,2019-12-28,1,0,0,3,1.8809729999999998,219,25,208,13,90,Watford,EPL,2019
h,1.07053,1.23252,1.07053,1.23252,7,7,2,1,1.2322,w,2020-01-01,1,0,0,3,-0.16199000000000008,342,17,169,20,90,Watford,EPL,2019
a,2.29827,0.320447,2.29827,0.320447,7,5,3,0,2.7243,w,2020-01-12,1,0,0,3,1.977823,286,25,196,15,90,Watford,EPL,2019
h,2.39174,1.76697,1.63057,1.76697,9,13,0,0,1.8391,d,2020-01-18,0,1,0,1,-0.13639999999999985,275,30,124,17,90,Watford,EPL,2019
a,1.81101,1.06739,1.81101,1.06739,1,6,1,2,2.0249,l,2020-01-21,0,0,1,0,0.74362,306,33,142,23,90,Watford,EPL,2019
h,0.919248,2.70178,0.919248,2.70178,2,5,2,3,0.2358,l,2020-02-01,0,0,1,0,-1.7825319999999998,231,25,174,21,90,Watford,EPL,2019
a,0.280048,0.76201,0.280048,0.76201,3,7,1,1,0.7739,d,2020-02-08,0,1,0,1,-0.48196199999999995,338,22,143,20,90,Watford,EPL,2019
a,0.294956,2.5042,0.294956,1.74303,3,8,0,3,0.13119999999999998,l,2020-02-23,0,0,1,0,-1.448074,349,38,202,22,90,Watford,EPL,2019
h,2.71351,0.206031,2.71351,0.206031,6,12,3,0,2.8941999999999997,w,2020-02-29,1,0,0,3,2.507479,365,11,127,11,90,Watford,EPL,2019
a,0.449161,0.856107,0.449161,0.856107,7,10,0,1,0.8918999999999999,l,2020-03-07,0,0,1,0,-0.406946,181,31,227,22,90,Watford,EPL,2019
h,1.00765,1.05245,1.00765,1.05245,5,3,1,1,1.3024,d,2020-06-20,0,1,0,1,-0.04480000000000017,281,21,76,20,90,Watford,EPL,2019
a,0.495542,0.964774,0.495542,0.964774,3,5,0,1,0.8478000000000001,l,2020-06-25,0,0,1,0,-0.46923200000000004,206,20,121,18,90,Watford,EPL,2019
h,0.365347,1.3364,0.365347,1.3364,6,5,1,3,0.5199,l,2020-06-28,0,0,1,0,-0.971053,207,23,194,21,90,Watford,EPL,2019
a,0.608971,2.78877,0.608971,2.0276,3,9,0,3,0.1724,l,2020-07-04,0,0,1,0,-1.4186290000000001,429,17,179,16,90,Watford,EPL,2019
h,0.725199,1.13378,0.725199,1.13378,6,7,2,1,0.9211,w,2020-07-07,1,0,0,3,-0.40858099999999997,292,26,171,19,90,Watford,EPL,2019
h,3.12855,1.49134,1.60621,1.49134,11,1,2,1,2.4968,w,2020-07-11,1,0,0,3,0.1148699999999998,175,28,145,12,90,Watford,EPL,2019
a,1.03402,0.833995,1.03402,0.833995,8,2,1,3,1.5288000000000002,l,2020-07-17,0,0,1,0,0.2000249999999999,99,19,204,21,90,Watford,EPL,2019
h,0.131868,3.73814,0.131868,2.82226,2,9,0,4,0.0075,l,2020-07-21,0,0,1,0,-2.690392,357,17,121,27,90,Watford,EPL,2019
a,3.9197,1.95282,3.15853,1.19169,11,11,2,3,2.528,l,2020-07-26,0,0,1,0,1.96684,283,25,197,12,90,Watford,EPL,2019
h,0.909241,1.08752,0.909241,1.08752,0,9,3,0,1.1422,w,2019-08-10,1,0,0,3,-0.17827900000000008,167,18,143,26,92,Burnley,EPL,2019
a,1.39172,1.1644,1.39172,1.1644,4,8,1,2,1.5631000000000002,l,2019-08-17,0,0,1,0,0.22731999999999997,296,26,85,16,92,Burnley,EPL,2019
a,1.22762,1.32793,1.22762,0.56676,4,4,1,1,1.2223,d,2019-08-25,0,1,0,1,0.6608599999999999,307,21,142,12,92,Burnley,EPL,2019
h,0.61739,1.20057,0.61739,1.20057,0,11,0,3,0.8487,l,2019-08-31,0,0,1,0,-0.5831799999999999,309,19,149,24,92,Burnley,EPL,2019
a,0.341654,1.68545,0.341654,1.68545,4,13,1,1,0.3291,d,2019-09-14,0,1,0,1,-1.3437959999999998,242,20,111,28,92,Burnley,EPL,2019
h,2.39312,0.801428,2.39312,0.801428,7,9,2,0,2.5163,w,2019-09-21,1,0,0,3,1.591692,292,25,149,10,92,Burnley,EPL,2019
a,1.66919,0.914266,1.66919,0.914266,2,3,2,2,1.9909,d,2019-09-28,0,1,0,1,0.7549239999999999,199,22,121,20,92,Burnley,EPL,2019
h,0.558912,1.30723,0.558912,1.30723,6,4,1,0,0.6769000000000001,w,2019-10-05,1,0,0,3,-0.7483179999999999,273,14,156,20,92,Burnley,EPL,2019
a,1.79569,0.8291,1.79569,0.8291,3,6,1,2,2.1660999999999997,l,2019-10-19,0,0,1,0,0.9665900000000001,304,20,114,15,92,Burnley,EPL,2019
h,2.23494,0.988321,2.23494,0.988321,8,6,2,4,2.3316,l,2019-10-26,0,0,1,0,1.246619,399,25,199,19,92,Burnley,EPL,2019
a,0.71661300000000006,2.58392,0.71661300000000006,2.58392,3,6,0,3,0.25980000000000003,l,2019-11-02,0,0,1,0,-1.8673069999999998,170,20,248,14,92,Burnley,EPL,2019
h,2.4158,0.474281,2.4158,0.474281,5,5,3,0,2.6809000000000003,w,2019-11-09,1,0,0,3,1.941519,218,24,137,24,92,Burnley,EPL,2019
a,2.66281,0.902384,1.90164,0.902384,2,5,3,0,2.6123,w,2019-11-23,1,0,0,3,0.999256,186,16,113,19,92,Burnley,EPL,2019
h,1.8509,0.936732,1.8509,0.936732,5,6,0,2,2.0956,l,2019-11-30,0,0,1,0,0.914168,268,32,175,24,92,Burnley,EPL,2019
h,0.486548,2.56057,0.486548,2.56057,3,13,1,4,0.16410000000000002,l,2019-12-03,0,0,1,0,-2.074022,415,16,112,10,92,Burnley,EPL,2019
a,1.08645,2.39684,1.08645,2.39684,1,3,0,5,0.4508,l,2019-12-07,0,0,1,0,-1.3103900000000002,305,27,297,27,92,Burnley,EPL,2019
h,1.43602,1.08726,1.43602,1.08726,2,2,1,0,1.6641,w,2019-12-14,1,0,0,3,0.3487600000000002,193,27,209,20,92,Burnley,EPL,2019
a,0.144318,0.138532,0.144318,0.138532,0,6,1,0,1.1229,w,2019-12-21,1,0,0,3,0.005786000000000013,235,28,100,18,92,Burnley,EPL,2019
a,0.565252,1.47521,0.565252,1.47521,1,2,0,1,0.5893999999999999,l,2019-12-26,0,0,1,0,-0.9099579999999999,314,24,105,19,92,Burnley,EPL,2019
h,0.386662,2.10542,0.386662,2.10542,3,9,0,2,0.2001,l,2019-12-28,0,0,1,0,-1.718758,270,20,150,18,92,Burnley,EPL,2019
h,2.34418,1.74824,2.34418,1.74824,9,5,1,2,1.8281,l,2020-01-01,0,0,1,0,0.5959400000000001,143,18,265,10,92,Burnley,EPL,2019
a,0.717407,2.87633,0.717407,2.11516,1,10,0,3,0.1711,l,2020-01-11,0,0,1,0,-1.3977529999999998,317,11,163,17,92,Burnley,EPL,2019
h,1.50886,2.33415,1.50886,1.55792,3,14,2,1,0.7242,w,2020-01-19,1,0,0,3,-0.04905999999999988,243,25,226,23,92,Burnley,EPL,2019
a,0.717284,1.416,0.717284,1.416,3,11,2,0,0.8269,w,2020-01-22,1,0,0,3,-0.6987159999999999,361,26,109,10,92,Burnley,EPL,2019
h,2.24562,1.48025,2.24562,1.48025,4,4,0,0,1.9502000000000002,d,2020-02-02,0,1,0,1,0.7653700000000001,268,24,146,22,92,Burnley,EPL,2019
a,0.892699,0.694025,0.892699,0.694025,2,6,2,1,1.5452,w,2020-02-15,1,0,0,3,0.19867400000000002,248,25,134,18,92,Burnley,EPL,2019
h,3.09935,1.75718,2.33818,1.75718,5,5,3,0,2.2546999999999997,w,2020-02-22,1,0,0,3,0.581,230,21,125,11,92,Burnley,EPL,2019
a,0.617612,1.11713,0.617612,1.11713,1,5,0,0,0.9067000000000001,d,2020-02-29,0,1,0,1,-0.4995179999999999,186,21,146,22,92,Burnley,EPL,2019
h,3.33302,1.13669,3.33302,0.375517,6,4,1,1,2.7344,d,2020-03-07,0,1,0,1,2.957503,235,31,213,17,92,Burnley,EPL,2019
a,0.0303408,2.71096,0.0303408,1.94979,0,13,0,5,0.0256,l,2020-06-22,0,0,1,0,-1.9194491999999999,504,11,200,16,92,Burnley,EPL,2019
h,0.964774,0.495542,0.964774,0.495542,5,3,1,0,1.8039,w,2020-06-25,1,0,0,3,0.46923200000000004,121,18,206,20,92,Burnley,EPL,2019
a,0.359906,1.06533,0.359906,1.06533,3,12,1,0,0.6875,w,2020-06-29,1,0,0,3,-0.705424,235,18,188,22,92,Burnley,EPL,2019
h,1.31966,1.63343,1.31966,1.63343,4,7,1,1,1.1213,d,2020-07-05,0,1,0,1,-0.3137699999999999,192,21,207,15,92,Burnley,EPL,2019
a,1.05291,1.99821,1.05291,1.99821,6,8,1,0,0.7094,w,2020-07-08,1,0,0,3,-0.9453,193,8,186,17,92,Burnley,EPL,2019
a,0.452331,2.17649,0.452331,2.17649,2,19,1,1,0.2929,d,2020-07-11,0,1,0,1,-1.7241589999999998,352,15,113,13,92,Burnley,EPL,2019
h,1.53435,1.2857,0.773179,1.2857,6,3,1,1,1.5969,d,2020-07-15,0,1,0,1,-0.5125210000000001,201,26,180,8,92,Burnley,EPL,2019
a,1.8233,0.576602,1.8233,0.576602,17,0,2,0,2.3047,w,2020-07-18,1,0,0,3,1.2466979999999999,211,31,196,8,92,Burnley,EPL,2019
h,1.44244,1.3696,1.44244,1.3696,5,4,1,2,1.4296,l,2020-07-26,0,0,1,0,0.07284000000000002,160,27,180,11,92,Burnley,EPL,2019
a,0.855516,0.670022,0.855516,0.670022,5,7,3,0,1.5457999999999998,w,2019-08-10,1,0,0,3,0.18549400000000005,230,20,274,28,220,Brighton,EPL,2019
h,2.40461,1.00856,2.40461,1.00856,8,4,1,1,2.3339,d,2019-08-17,0,1,0,1,1.39605,192,35,275,31,220,Brighton,EPL,2019
h,0.997711,2.07795,0.997711,2.07795,6,6,0,2,0.5691,l,2019-08-24,0,0,1,0,-1.080239,211,23,215,20,220,Brighton,EPL,2019
a,0.861035,2.30818,0.861035,2.30818,7,16,0,4,0.43790000000000007,l,2019-08-31,0,0,1,0,-1.4471450000000001,346,16,366,32,220,Brighton,EPL,2019
h,1.68545,0.341654,1.68545,0.341654,13,4,1,1,2.4816,d,2019-09-14,0,1,0,1,1.3437959999999998,111,28,242,20,220,Brighton,EPL,2019
a,1.21592,1.09807,1.21592,1.09807,6,4,0,0,1.4292,d,2019-09-21,0,1,0,1,0.11784999999999979,128,21,458,20,220,Brighton,EPL,2019
a,0.616263,4.26443,0.616263,3.50326,0,9,0,2,0.0414,l,2019-09-28,0,0,1,0,-2.886997,332,26,349,24,220,Brighton,EPL,2019
h,2.60017,0.478504,2.60017,0.478504,12,4,3,0,2.8252,w,2019-10-05,1,0,0,3,2.121666,301,37,259,17,220,Brighton,EPL,2019
a,1.32184,2.96692,1.32184,2.96692,10,7,1,2,0.44210000000000005,l,2019-10-19,0,0,1,0,-1.64508,200,21,271,18,220,Brighton,EPL,2019
h,1.15279,1.04723,0.391623,1.04723,4,7,3,2,1.4703,w,2019-10-26,1,0,0,3,-0.655607,237,28,327,28,220,Brighton,EPL,2019
h,2.65496,0.455082,2.65496,0.455082,15,5,2,0,2.7289,w,2019-11-02,1,0,0,3,2.199878,216,31,289,19,220,Brighton,EPL,2019
a,1.1342,3.65299,1.1342,3.65299,2,9,1,3,0.1845,l,2019-11-10,0,0,1,0,-2.51879,186,35,311,26,220,Brighton,EPL,2019
h,0.784706,3.50917,0.784706,2.748,8,9,0,2,0.1059,l,2019-11-23,0,0,1,0,-1.9632940000000003,247,15,243,9,220,Brighton,EPL,2019
a,0.867601,1.36832,0.867601,1.36832,3,11,1,2,0.9274,l,2019-11-30,0,0,1,0,-0.500719,271,18,358,24,220,Brighton,EPL,2019
a,1.53446,0.965377,1.53446,0.965377,4,6,2,1,1.7993999999999999,w,2019-12-05,1,0,0,3,0.5690829999999999,235,28,223,16,220,Brighton,EPL,2019
h,0.951621,1.87208,0.951621,1.87208,6,11,2,2,0.6745,d,2019-12-08,0,1,0,1,-0.9204589999999999,176,30,347,15,220,Brighton,EPL,2019
a,2.48355,0.484859,2.48355,0.484859,11,5,1,1,2.7738,d,2019-12-16,0,1,0,1,1.9986910000000002,168,32,309,16,220,Brighton,EPL,2019
h,0.428371,1.65933,0.428371,1.65933,9,1,0,1,0.3871,l,2019-12-21,0,0,1,0,-1.230959,128,15,364,18,220,Brighton,EPL,2019
a,1.09007,1.02645,1.09007,1.02645,2,7,1,2,1.4180000000000001,l,2019-12-26,0,0,1,0,0.06362000000000001,252,26,243,24,220,Brighton,EPL,2019
h,1.05876,0.500726,1.05876,0.500726,11,5,2,0,1.8676000000000001,w,2019-12-28,1,0,0,3,0.5580339999999999,225,24,274,16,220,Brighton,EPL,2019
h,1.56978,1.57497,1.56978,1.57497,10,7,1,1,1.3708,d,2020-01-01,0,1,0,1,-0.005190000000000028,328,27,273,32,220,Brighton,EPL,2019
a,1.53324,2.02533,1.53324,2.02533,6,10,0,1,1.0255,l,2020-01-11,0,0,1,0,-0.4920899999999999,279,16,252,29,220,Brighton,EPL,2019
h,1.30028,1.02045,1.30028,1.02045,7,4,1,1,1.6034,d,2020-01-18,0,1,0,1,0.27983,210,29,291,27,220,Brighton,EPL,2019
a,1.97227,1.92315,1.97227,1.92315,4,6,1,3,1.4041000000000001,l,2020-01-21,0,0,1,0,0.04912000000000005,135,21,345,31,220,Brighton,EPL,2019
a,2.03179,1.30774,2.03179,1.30774,9,5,3,3,1.8862,d,2020-02-01,0,1,0,1,0.7240500000000001,152,24,364,21,220,Brighton,EPL,2019
h,0.76201,0.280048,0.76201,0.280048,7,3,1,1,1.8077,d,2020-02-08,0,1,0,1,0.48196199999999995,143,20,338,22,220,Brighton,EPL,2019
a,1.06035,1.6597,1.06035,1.6597,2,7,1,1,0.8819000000000001,d,2020-02-22,0,1,0,1,-0.59935,235,15,132,18,220,Brighton,EPL,2019
h,1.78712,2.17159,1.78712,2.17159,8,5,0,1,1.115,l,2020-02-29,0,0,1,0,-0.3844700000000001,142,23,307,18,220,Brighton,EPL,2019
a,0.308874,0.898221,0.308874,0.898221,4,2,0,0,0.7249,d,2020-03-07,0,1,0,1,-0.5893470000000001,267,28,360,18,220,Brighton,EPL,2019
h,0.670973,0.69626999999999994,0.670973,0.69626999999999994,7,4,2,1,1.32,w,2020-06-20,1,0,0,3,-0.025296999999999903,309,18,153,16,220,Brighton,EPL,2019
a,1.10227,0.505486,0.341106,0.505486,1,8,0,0,2.0124,d,2020-06-23,0,1,0,1,-0.16437999999999997,343,23,135,18,220,Brighton,EPL,2019
h,0.31013,1.20903,0.31013,1.20903,1,9,0,3,0.5319,l,2020-06-30,0,0,1,0,-0.8989,357,19,213,14,220,Brighton,EPL,2019
a,0.903046,0.545069,0.903046,0.545069,8,9,1,0,1.726,w,2020-07-04,1,0,0,3,0.357977,352,18,255,16,220,Brighton,EPL,2019
h,2.3646,2.61624,2.3646,2.61624,5,15,1,3,1.272,l,2020-07-08,0,0,1,0,-0.2516400000000001,251,12,225,26,220,Brighton,EPL,2019
h,0.149588,5.51767,0.149588,5.51767,5,14,0,5,3e-4,l,2020-07-11,0,0,1,0,-5.368082,487,18,192,20,220,Brighton,EPL,2019
a,0.67264,2.33745,0.67264,2.33745,8,11,1,1,0.33649999999999997,d,2020-07-16,0,1,0,1,-1.6648100000000001,296,15,115,21,220,Brighton,EPL,2019
h,0.855896,0.929091,0.855896,0.929091,4,3,0,0,1.2694,d,2020-07-20,0,1,0,1,-0.07319500000000001,175,26,324,21,220,Brighton,EPL,2019
a,1.3696,1.44244,1.3696,1.44244,4,5,2,1,1.2925,w,2020-07-26,1,0,0,3,-0.07284000000000002,180,11,160,27,220,Brighton,EPL,2019
a,0.812949,0.543759,0.812949,0.543759,3,7,0,0,1.584,d,2019-08-11,0,1,0,1,0.26919000000000004,392,21,148,23,229,Wolverhampton Wanderers,EPL,2019
h,0.307356,1.14332,0.307356,0.382148,5,9,1,1,0.43789999999999996,d,2019-08-19,0,1,0,1,-0.07479199999999997,399,20,184,22,229,Wolverhampton Wanderers,EPL,2019
h,1.32793,1.22762,0.56676,1.22762,4,4,1,1,1.4707,d,2019-08-25,0,1,0,1,-0.6608599999999999,142,12,307,21,229,Wolverhampton Wanderers,EPL,2019
a,2.00172,1.48842,2.00172,1.48842,5,4,2,3,1.7717000000000003,l,2019-09-01,0,0,1,0,0.5133000000000001,242,12,160,30,229,Wolverhampton Wanderers,EPL,2019
h,1.49359,3.06799,1.49359,3.06799,5,6,2,5,0.4052,l,2019-09-14,0,0,1,0,-1.5744,367,28,213,30,229,Wolverhampton Wanderers,EPL,2019
a,1.75572,0.984777,1.75572,0.984777,5,6,1,1,1.9945000000000002,d,2019-09-22,0,1,0,1,0.7709429999999999,263,21,265,19,229,Wolverhampton Wanderers,EPL,2019
h,1.16363,1.06615,1.16363,1.06615,5,10,2,0,1.4304000000000001,w,2019-09-28,1,0,0,3,0.09748000000000001,367,16,239,21,229,Wolverhampton Wanderers,EPL,2019
a,1.18825,1.61884,1.18825,1.61884,1,13,2,0,1.0413000000000001,w,2019-10-06,1,0,0,3,-0.43059000000000003,315,16,107,26,229,Wolverhampton Wanderers,EPL,2019
h,0.887495,1.37695,0.126326,1.37695,3,5,1,1,0.9399000000000001,d,2019-10-19,0,1,0,1,-1.250624,220,15,289,24,229,Wolverhampton Wanderers,EPL,2019
a,1.93255,0.603104,1.93255,0.603104,6,3,1,1,2.4101999999999997,d,2019-10-27,0,1,0,1,1.329446,240,25,309,8,229,Wolverhampton Wanderers,EPL,2019
a,1.5103,1.02552,1.5103,1.02552,6,9,1,1,1.7378,d,2019-11-02,0,1,0,1,0.48478,294,25,197,14,229,Wolverhampton Wanderers,EPL,2019
h,2.09891,0.473225,2.09891,0.473225,8,0,2,1,2.5328000000000004,w,2019-11-10,1,0,0,3,1.625685,211,32,189,30,229,Wolverhampton Wanderers,EPL,2019
a,1.2765,0.849789,1.2765,0.849789,7,3,2,1,1.7279,w,2019-11-23,1,0,0,3,0.42671099999999995,274,20,323,23,229,Wolverhampton Wanderers,EPL,2019
h,1.27422,1.47296,1.27422,1.47296,4,8,1,1,1.2178,d,2019-12-01,0,1,0,1,-0.19874000000000014,159,21,292,37,229,Wolverhampton Wanderers,EPL,2019
h,1.82237,0.501977,1.82237,0.501977,5,4,2,0,2.4001,w,2019-12-04,1,0,0,3,1.3203930000000001,287,31,256,26,229,Wolverhampton Wanderers,EPL,2019
a,1.87208,0.951621,1.87208,0.951621,11,6,2,2,2.0971,d,2019-12-08,0,1,0,1,0.9204589999999999,347,15,176,30,229,Wolverhampton Wanderers,EPL,2019
h,0.718669,0.989205,0.718669,0.989205,8,10,1,2,1.0598,l,2019-12-15,0,0,1,0,-0.270536,207,31,226,26,229,Wolverhampton Wanderers,EPL,2019
a,1.65224,1.26536,1.65224,1.26536,2,4,2,1,1.6819,w,2019-12-21,1,0,0,3,0.3868799999999999,246,26,248,17,229,Wolverhampton Wanderers,EPL,2019
h,2.39405,1.52044,2.39405,0.614563,4,1,3,2,2.074,w,2019-12-27,1,0,0,3,1.779487,222,17,282,15,229,Wolverhampton Wanderers,EPL,2019
a,0.363764,1.49124,0.363764,1.49124,3,14,0,1,0.4244,l,2019-12-29,0,0,1,0,-1.127476,384,18,188,30,229,Wolverhampton Wanderers,EPL,2019
a,1.23252,1.07053,1.23252,1.07053,7,7,1,2,1.4698,l,2020-01-01,0,0,1,0,0.16199000000000008,169,20,342,17,229,Wolverhampton Wanderers,EPL,2019
h,2.04805,0.184495,2.04805,0.184495,2,2,1,1,2.7887,d,2020-01-11,0,1,0,1,1.8635549999999999,142,30,384,23,229,Wolverhampton Wanderers,EPL,2019
a,2.1772,0.786974,1.41604,0.786974,5,2,3,2,2.4401,w,2020-01-18,1,0,0,3,0.629066,199,13,187,36,229,Wolverhampton Wanderers,EPL,2019
h,1.85442,1.59024,1.85442,1.59024,4,2,1,2,1.6036,l,2020-01-23,0,0,1,0,0.26417999999999986,358,16,321,27,229,Wolverhampton Wanderers,EPL,2019
a,1.54211,1.18608,1.54211,1.18608,4,7,0,0,1.6286,d,2020-02-01,0,1,0,1,0.35603000000000007,271,29,210,29,229,Wolverhampton Wanderers,EPL,2019
h,1.14491,0.527366,1.14491,0.527366,6,3,0,0,1.8959,d,2020-02-14,0,1,0,1,0.6175440000000001,277,18,182,28,229,Wolverhampton Wanderers,EPL,2019
h,3.25033,0.360646,3.25033,0.360646,3,5,3,0,2.9495,w,2020-02-23,1,0,0,3,2.889684,370,35,224,23,229,Wolverhampton Wanderers,EPL,2019
a,2.62251,1.63079,2.62251,1.63079,2,5,3,2,2.1365,w,2020-03-01,1,0,0,3,0.9917200000000002,394,31,175,25,229,Wolverhampton Wanderers,EPL,2019
h,0.898221,0.308874,0.898221,0.308874,2,4,0,0,1.9036000000000002,d,2020-03-07,0,1,0,1,0.5893470000000001,360,18,267,28,229,Wolverhampton Wanderers,EPL,2019
a,1.06433,0.44207,1.06433,0.44207,8,1,2,0,2.0544000000000002,w,2020-06-20,1,0,0,3,0.62226,193,12,293,17,229,Wolverhampton Wanderers,EPL,2019
h,0.715002,0.0619009,0.715002,0.0619009,1,1,1,0,1.9750999999999999,w,2020-06-24,1,0,0,3,0.6531011,193,16,264,18,229,Wolverhampton Wanderers,EPL,2019
a,0.703549,0.403418,0.703549,0.403418,5,3,1,0,1.6044,w,2020-06-27,1,0,0,3,0.300131,235,14,201,23,229,Wolverhampton Wanderers,EPL,2019
h,0.985166,1.28273,0.985166,1.28273,8,1,0,2,1.0742,l,2020-07-04,0,0,1,0,-0.29756399999999994,303,10,323,26,229,Wolverhampton Wanderers,EPL,2019
a,0.326909,0.470483,0.326909,0.470483,2,7,0,1,1.0775000000000001,l,2020-07-08,0,0,1,0,-0.14357399999999998,154,13,340,18,229,Wolverhampton Wanderers,EPL,2019
h,2.86724,0.286561,2.10607,0.286561,4,3,3,0,2.8945,w,2020-07-12,1,0,0,3,1.8195089999999998,287,20,354,19,229,Wolverhampton Wanderers,EPL,2019
a,1.2857,1.53435,1.2857,0.773179,3,6,1,1,1.0986,d,2020-07-15,0,1,0,1,0.5125210000000001,180,8,201,26,229,Wolverhampton Wanderers,EPL,2019
h,1.48696,0.440119,1.48696,0.440119,4,1,2,0,2.3593,w,2020-07-20,1,0,0,3,1.0468410000000001,240,17,257,22,229,Wolverhampton Wanderers,EPL,2019
a,0.164561,1.15938,0.164561,1.15938,2,7,0,2,0.4276,l,2020-07-26,0,0,1,0,-0.9948190000000001,392,27,198,29,229,Wolverhampton Wanderers,EPL,2019
a,1.59864,1.34099,1.59864,1.34099,6,4,1,1,1.5905,d,2019-08-10,0,1,0,1,0.25765000000000016,274,30,204,15,238,Sheffield United,EPL,2019
h,1.84778,0.241912,1.84778,0.241912,2,5,1,0,2.6386,w,2019-08-18,1,0,0,3,1.605868,278,25,174,15,238,Sheffield United,EPL,2019
h,0.654318,0.704879,0.654318,0.704879,4,9,1,2,1.2765,l,2019-08-24,0,0,1,0,-0.05056100000000008,262,23,152,17,238,Sheffield United,EPL,2019
a,1.04649,2.30579,1.04649,2.30579,5,4,2,2,0.527,d,2019-08-31,0,1,0,1,-1.2593,502,24,253,17,238,Sheffield United,EPL,2019
h,1.88034,1.57659,1.88034,1.57659,8,7,0,1,1.5811,l,2019-09-14,0,0,1,0,0.30374999999999996,263,21,218,17,238,Sheffield United,EPL,2019
a,0.508011,1.26041,0.508011,1.26041,2,9,2,0,0.7021999999999999,w,2019-09-21,1,0,0,3,-0.752399,263,20,96,17,238,Sheffield United,EPL,2019
h,1.17022,1.97079,1.17022,1.97079,1,11,0,1,0.7802,l,2019-09-28,0,0,1,0,-0.80057,412,17,124,11,238,Sheffield United,EPL,2019
a,0.353724,1.44318,0.353724,1.44318,5,2,0,0,0.4004,d,2019-10-05,0,1,0,1,-1.089456,148,22,310,16,238,Sheffield United,EPL,2019
h,0.895722,0.949735,0.895722,0.949735,6,8,1,0,1.2742,w,2019-10-21,1,0,0,3,-0.05401299999999998,342,28,107,18,238,Sheffield United,EPL,2019
a,1.16171,2.33891,1.16171,2.33891,7,9,1,1,0.4991,d,2019-10-26,0,1,0,1,-1.1771999999999998,303,21,162,16,238,Sheffield United,EPL,2019
h,2.58392,0.71661300000000006,2.58392,0.71661300000000006,6,3,3,0,2.6151,w,2019-11-02,1,0,0,3,1.8673069999999998,248,14,170,20,238,Sheffield United,EPL,2019
a,0.923443,1.5104,0.923443,1.5104,6,4,1,1,0.8906000000000001,d,2019-11-09,0,1,0,1,-0.586957,334,29,162,17,238,Sheffield United,EPL,2019
h,1.56025,1.33065,1.56025,1.33065,3,6,3,3,1.5623,d,2019-11-24,0,1,0,1,0.2295999999999998,325,31,164,19,238,Sheffield United,EPL,2019
a,1.47296,1.27422,1.47296,1.27422,8,4,1,1,1.5085000000000002,d,2019-12-01,0,1,0,1,0.19874000000000014,292,37,159,21,238,Sheffield United,EPL,2019
h,1.09175,0.533775,1.09175,0.533775,13,3,0,2,1.846,l,2019-12-05,0,0,1,0,0.557975,117,16,360,6,238,Sheffield United,EPL,2019
a,0.712899,0.585805,0.712899,0.585805,2,7,2,1,1.4471999999999998,w,2019-12-08,1,0,0,3,0.12709399999999993,278,25,198,16,238,Sheffield United,EPL,2019
h,1.888,0.97258,1.888,0.211411,13,1,2,0,2.1525,w,2019-12-14,1,0,0,3,1.6765889999999999,192,24,217,20,238,Sheffield United,EPL,2019
a,1.65933,0.428371,1.65933,0.428371,1,9,1,0,2.4205,w,2019-12-21,1,0,0,3,1.230959,364,18,128,15,238,Sheffield United,EPL,2019
h,2.04481,0.596611,1.28364,0.596611,6,6,1,1,2.5145,d,2019-12-26,0,1,0,1,0.6870289999999999,198,15,286,14,238,Sheffield United,EPL,2019
a,1.23346,1.08628,1.23346,1.08628,2,9,0,2,1.4862,l,2019-12-29,0,0,1,0,0.1471800000000001,484,14,142,13,238,Sheffield United,EPL,2019
a,0.634607,3.0465,0.634607,3.0465,7,16,0,2,0.0834,l,2020-01-02,0,0,1,0,-2.411893,621,19,175,12,238,Sheffield United,EPL,2019
h,2.02768,0.90477,2.02768,0.90477,4,3,1,0,2.2167,w,2020-01-10,1,0,0,3,1.12291,278,28,208,19,238,Sheffield United,EPL,2019
a,1.18444,1.22882,1.18444,1.22882,1,6,1,1,1.2883,d,2020-01-18,0,1,0,1,-0.044380000000000086,323,36,170,18,238,Sheffield United,EPL,2019
h,0.774943,2.873,0.774943,2.11183,6,11,0,1,0.1615,l,2020-01-21,0,0,1,0,-1.336887,391,17,106,12,238,Sheffield United,EPL,2019
a,0.860755,0.970063,0.860755,0.970063,4,6,1,0,1.2473,w,2020-02-01,1,0,0,3,-0.10930799999999996,299,29,132,12,238,Sheffield United,EPL,2019
h,2.04467,1.07183,2.04467,1.07183,10,8,2,1,2.1409,w,2020-02-09,1,0,0,3,0.9728399999999999,178,19,203,20,238,Sheffield United,EPL,2019
h,1.6597,1.06035,1.6597,1.06035,7,2,1,1,1.8422,d,2020-02-22,0,1,0,1,0.59935,132,18,235,15,238,Sheffield United,EPL,2019
h,1.17263,2.55449,1.17263,2.55449,10,3,1,0,0.3676,w,2020-03-07,1,0,0,3,-1.3818599999999999,338,34,129,16,238,Sheffield United,EPL,2019
a,0.235909,1.00877,0.235909,1.00877,2,5,0,0,0.5787,d,2020-06-17,0,1,0,1,-0.7728609999999999,214,27,227,14,238,Sheffield United,EPL,2019
a,0.57107,2.15148,0.57107,2.15148,4,4,0,3,0.2848,l,2020-06-21,0,0,1,0,-1.5804099999999999,281,18,277,10,238,Sheffield United,EPL,2019
a,0.108082,2.8416,0.108082,2.8416,2,11,0,3,0.0454,l,2020-06-24,0,0,1,0,-2.733518,424,17,177,14,238,Sheffield United,EPL,2019
h,1.59994,1.01524,1.59994,1.01524,9,8,3,1,1.9298,w,2020-07-02,1,0,0,3,0.5847,359,22,115,22,238,Sheffield United,EPL,2019
a,1.63343,1.31966,1.63343,1.31966,7,4,1,1,1.6016,d,2020-07-05,0,1,0,1,0.3137699999999999,207,15,192,21,238,Sheffield United,EPL,2019
h,0.470483,0.326909,0.470483,0.326909,7,2,1,0,1.4051,w,2020-07-08,1,0,0,3,0.14357399999999998,340,18,154,13,238,Sheffield United,EPL,2019
h,2.00632,1.17509,2.00632,1.17509,5,3,3,0,2.0434,w,2020-07-11,1,0,0,3,0.8312300000000001,505,11,71,15,238,Sheffield United,EPL,2019
a,0.660214,3.05752,0.660214,3.05752,1,6,0,2,0.1466,l,2020-07-16,0,0,1,0,-2.397306,234,23,185,20,238,Sheffield United,EPL,2019
h,0.468461,0.624814,0.468461,0.624814,5,3,0,1,1.0608,l,2020-07-20,0,0,1,0,-0.15635299999999996,285,25,209,16,238,Sheffield United,EPL,2019
a,1.41051,1.64306,1.41051,0.881887,1,10,1,3,1.1838,l,2020-07-26,0,0,1,0,0.528623,405,23,102,15,238,Sheffield United,EPL,2019
