id_game,matchweek,date,hometeam,awayteam,results,results_categoric,market_tracktake,odds,probas,bets,log_growth
2381,18,2021-01-16,wolves,west_brom,0,home,0.02520991848574905,1.63,0.5209667667094882,0.0,0.2075183411615339
2381,18,2021-01-16,wolves,west_brom,0,draw,0.02520991848574905,3.7,0.29857002972397784,0.02763030925493867,0.2075183411615339
2381,18,2021-01-16,wolves,west_brom,1,away,0.02520991848574905,7.07,0.18046320356653395,0.03260945740673041,0.2075183411615339
2382,18,2021-01-16,leeds,brighton,0,home,0.02274034986734597,2.18,0.389528062835392,0.0,0.2075183411615339
2382,18,2021-01-16,leeds,brighton,0,draw,0.02274034986734597,3.67,0.29022973729320983,0.015512619735132183,0.2075183411615339
2382,18,2021-01-16,leeds,brighton,1,away,0.02274034986734597,3.43,0.32024219987139824,0.022723847877797576,0.2075183411615339
2383,18,2021-01-16,west_ham,burnley,1,home,0.02323635110520339,1.85,0.4402831738663473,0.0,0.2075183411615339
2383,18,2021-01-16,west_ham,burnley,0,draw,0.02323635110520339,3.6,0.3190486809052505,0.04178548486588053,0.2075183411615339
2383,18,2021-01-16,west_ham,burnley,0,away,0.02323635110520339,4.88,0.24066814522840216,0.034747258483883554,0.2075183411615339
2384,18,2021-01-16,fulham,chelsea,0,home,0.018815401363142303,6.81,0.21900362360973571,0.06494612045398979,0.2075183411615339
2384,18,2021-01-16,fulham,chelsea,0,draw,0.018815401363142303,4.33,0.2469420797326301,0.023646615386309185,0.2075183411615339
2384,18,2021-01-16,fulham,chelsea,1,away,0.018815401363142303,1.56,0.534054296657634,0.0,0.2075183411615339
2385,18,2021-01-16,leicester,southampton,1,home,0.03055555555555545,1.8,0.4226185490096197,0.0,0.2075183411615339
2385,18,2021-01-16,leicester,southampton,0,draw,0.03055555555555545,3.75,0.2853556597650457,0.03545259929517179,0.2075183411615339
2385,18,2021-01-16,leicester,southampton,0,away,0.03055555555555545,4.8,0.2920257912253345,0.08283980511472248,0.2075183411615339
2386,18,2021-01-17,sheffield_united,tottenham,0,home,0.012242143821091123,6.5,0.14382438783343202,0.000548230274814505,0.2075183411615339
2386,18,2021-01-17,sheffield_united,tottenham,0,draw,0.012242143821091123,3.8,0.222006451416082,0.0,0.2075183411615339
2386,18,2021-01-17,sheffield_united,tottenham,1,away,0.012242143821091123,1.68,0.6341691607504859,0.029753965414492465,0.2075183411615339
2387,18,2021-01-17,liverpool,man_united,0,home,0.019541778975741275,2.0,0.6124397672824716,0.15252740675928902,0.2075183411615339
2387,18,2021-01-17,liverpool,man_united,1,draw,0.019541778975741275,4.0,0.22215667397626385,0.016465103259054936,0.2075183411615339
2387,18,2021-01-17,liverpool,man_united,0,away,0.019541778975741275,3.71,0.1654035587412645,0.0,0.2075183411615339
2388,18,2021-01-17,man_city,crystal_palace,1,home,0.017736264889542053,1.18,0.6849484289574119,0.0,0.2075183411615339
2388,18,2021-01-17,man_city,crystal_palace,0,draw,0.017736264889542053,8.5,0.18611843995194524,0.0708466616089062,0.2075183411615339
2388,18,2021-01-17,man_city,crystal_palace,0,away,0.017736264889542053,19.0,0.12893313109064286,0.07513531212173917,0.2075183411615339
2389,18,2021-01-18,arsenal,newcastle,1,home,0.026071662900051033,1.45,0.5177298608000751,0.0,0.2075183411615339
2389,18,2021-01-18,arsenal,newcastle,0,draw,0.026071662900051033,4.73,0.2651068648022565,0.06851685348945544,0.2075183411615339
2389,18,2021-01-18,arsenal,newcastle,0,away,0.026071662900051033,8.0,0.21716327439766828,0.09430147771603246,0.2075183411615339
2390,18,2021-01-19,west_ham,west_brom,1,home,0.015252773231496652,1.6,0.5066028067243387,0.0,0.2075183411615339
2390,18,2021-01-19,west_ham,west_brom,0,draw,0.015252773231496652,4.23,0.2926768456259609,0.05873841299522053,0.2075183411615339
2390,18,2021-01-19,west_ham,west_brom,0,away,0.015252773231496652,6.5,0.20072034764970054,0.046522897597215083,0.2075183411615339
2391,19,2021-01-19,leicester,chelsea,1,home,0.012023147367829612,3.0,0.2302679296963569,2.6883317638945947e-18,0.2139891963009756
2391,19,2021-01-19,leicester,chelsea,0,draw,0.012023147367829612,3.49,0.26781483827708985,0.02826977802635072,0.2139891963009756
2391,19,2021-01-19,leicester,chelsea,0,away,0.012023147367829612,2.55,0.5019172320265531,0.13501516755386941,0.2139891963009756
2392,19,2021-01-20,man_city,aston_villa,1,home,0.02458106198263676,1.27,0.639849563509139,4.440975209660009e-18,0.2139891963009756
2392,19,2021-01-20,man_city,aston_villa,0,draw,0.02458106198263676,6.5,0.1877769540345536,0.039290542160090536,0.2139891963009756
2392,19,2021-01-20,man_city,aston_villa,0,away,0.02458106198263676,12.0,0.1723734824563074,0.08415888070110703,0.2139891963009756
2393,19,2021-01-20,fulham,man_united,0,home,0.02162916448630714,6.5,0.15066339310578333,3.9962972301779464e-18,0.2139891963009756
2393,19,2021-01-20,fulham,man_united,0,draw,0.02162916448630714,4.41,0.21991021903864347,0.0,0.2139891963009756
2393,19,2021-01-20,fulham,man_united,1,away,0.02162916448630714,1.56,0.6294263878555733,0.0,0.2139891963009756
2394,19,2021-01-21,liverpool,burnley,0,home,0.018603143736833472,1.21,0.7540293952862758,0.0,0.2139891963009756
2394,19,2021-01-21,liverpool,burnley,0,draw,0.018603143736833472,7.5,0.17678645194722398,0.03368194567554923,0.2139891963009756
2394,19,2021-01-21,liverpool,burnley,1,away,0.018603143736833472,17.0,0.06918415276650021,0.008283862117792088,0.2139891963009756
2395,19,2021-01-23,aston_villa,newcastle,1,home,0.022267206477732948,1.52,0.42751438184235785,0.0,0.2139891963009756
2395,19,2021-01-23,aston_villa,newcastle,0,draw,0.022267206477732948,4.75,0.3022651880042027,0.1267399685804266,0.2139891963009756
2395,19,2021-01-23,aston_villa,newcastle,0,away,0.022267206477732948,6.5,0.27022043015343955,0.13817012176045,0.2139891963009756
2396,19,2021-01-26,crystal_palace,west_ham,0,home,0.022567364601657758,3.21,0.2917095698511505,0.0,0.2139891963009756
2396,19,2021-01-26,crystal_palace,west_ham,0,draw,0.022567364601657758,3.32,0.315692935687972,0.009097168780117628,0.2139891963009756
2396,19,2021-01-26,crystal_palace,west_ham,1,away,0.022567364601657758,2.44,0.3925974944608775,0.0,0.2139891963009756
2397,19,2021-01-26,newcastle,leeds,0,home,0.02499196237719925,3.92,0.3565817345578488,0.11291476304515818,0.2139891963009756
2397,19,2021-01-26,newcastle,leeds,0,draw,0.02499196237719925,3.89,0.2794132565563917,0.05077025792632647,0.2139891963009756
2397,19,2021-01-26,newcastle,leeds,1,away,0.02499196237719925,1.95,0.3640050088857596,0.0,0.2139891963009756
2398,19,2021-01-26,southampton,arsenal,0,home,0.02348789134962592,3.59,0.3028069199786101,0.0222730679077487,0.2139891963009756
2398,19,2021-01-26,southampton,arsenal,0,draw,0.02348789134962592,3.69,0.2845055832400697,0.015748657822873244,0.2139891963009756
2398,19,2021-01-26,southampton,arsenal,1,away,0.02348789134962592,2.11,0.4126874967813201,2.1885147635565628e-17,0.2139891963009756
2399,19,2021-01-26,west_brom,man_city,0,home,0.008561020036429891,18.0,0.09810322855309372,0.03720799556673219,0.2139891963009756
2399,19,2021-01-26,west_brom,man_city,0,draw,0.008561020036429891,7.5,0.18010829905860706,0.04172205404416939,0.2139891963009756
2399,19,2021-01-26,west_brom,man_city,1,away,0.008561020036429891,1.22,0.7217884723882992,0.0,0.2139891963009756
2400,19,2021-01-27,burnley,aston_villa,1,home,0.02334916134321729,4.01,0.17727327310002494,9.4449583320656e-18,0.2139891963009756
2400,19,2021-01-27,burnley,aston_villa,0,draw,0.02334916134321729,3.65,0.2859257271125057,0.028959983693346198,0.2139891963009756
2400,19,2021-01-27,burnley,aston_villa,0,away,0.02334916134321729,2.0,0.5368009997874695,0.06191298577587361,0.2139891963009756
2401,20,2021-01-27,chelsea,wolves,0,home,0.01490538321956292,1.63,0.5092730659524078,3.436615068366386e-17,0.23302962092720755
2401,20,2021-01-27,chelsea,wolves,1,draw,0.01490538321956292,4.26,0.27374690967007337,0.038238243920069435,0.23302962092720755
2401,20,2021-01-27,chelsea,wolves,0,away,0.01490538321956292,6.0,0.2169800243775188,0.04333306851473146,0.23302962092720755
2402,20,2021-01-27,brighton,fulham,0,home,0.01690016675607464,2.1,0.4300183385412287,1.6007680156932854e-17,0.23302962092720755
2402,20,2021-01-27,brighton,fulham,1,draw,0.01690016675607464,3.47,0.3178951372341332,0.020706279708902348,0.23302962092720755
2402,20,2021-01-27,brighton,fulham,0,away,0.01690016675607464,3.96,0.25208652422463823,0.005340627153384978,0.23302962092720755
2403,20,2021-01-27,everton,leicester,0,home,0.018630384813169483,2.92,0.34562224204110736,0.0017147565007767163,0.23302962092720755
2403,20,2021-01-27,everton,leicester,1,draw,0.018630384813169483,3.3,0.29108612861076544,0.0,0.23302962092720755
2403,20,2021-01-27,everton,leicester,0,away,0.018630384813169483,2.68,0.3632916293481273,0.0,0.23302962092720755
2404,20,2021-01-27,man_united,sheffield_united,0,home,0.01359469837730698,1.3,0.7065284961278544,5.3864690882911286e-18,0.23302962092720755
2404,20,2021-01-27,man_united,sheffield_united,0,draw,0.01359469837730698,6.21,0.18993772342457246,0.02012936236191216,0.23302962092720755
2404,20,2021-01-27,man_united,sheffield_united,1,away,0.01359469837730698,12.0,0.10353378044757316,0.013957309991610305,0.23302962092720755
2405,20,2021-01-28,tottenham,liverpool,0,home,0.01501501501501501,3.33,0.5099015086571087,0.2922222550782951,0.23302962092720755
2405,20,2021-01-28,tottenham,liverpool,0,draw,0.01501501501501501,3.7,0.2757691961151425,0.09720694569855697,0.23302962092720755
2405,20,2021-01-28,tottenham,liverpool,1,away,0.01501501501501501,2.25,0.2143292952277488,0.0,0.23302962092720755
2406,20,2021-01-30,everton,newcastle,0,home,0.023103124084891125,1.61,0.4995799146085848,0.0,0.23302962092720755
2406,20,2021-01-30,everton,newcastle,0,draw,0.023103124084891125,4.03,0.2765277579662481,0.035040828460287866,0.23302962092720755
2406,20,2021-01-30,everton,newcastle,1,away,0.023103124084891125,6.5,0.22389232742516707,0.06108607679012477,0.23302962092720755
2407,20,2021-01-30,crystal_palace,wolves,1,home,0.017727343025054187,3.05,0.3606074812288487,0.025187284318233884,0.23302962092720755
2407,20,2021-01-30,crystal_palace,wolves,0,draw,0.017727343025054187,3.2,0.3099196033007359,0.00774993696331032,0.23302962092720755
2407,20,2021-01-30,crystal_palace,wolves,0,away,0.017727343025054187,2.65,0.3294729154704154,4.92351047101084e-18,0.23302962092720755
2408,20,2021-01-30,man_city,sheffield_united,1,home,0.02143461818302339,1.14,0.7566730954065193,0.0,0.23302962092720755
2408,20,2021-01-30,man_city,sheffield_united,0,draw,0.02143461818302339,9.43,0.1689753179799605,0.053665673854208194,0.23302962092720755
2408,20,2021-01-30,man_city,sheffield_united,0,away,0.02143461818302339,26.18,0.07435158661352023,0.03138500751351096,0.23302962092720755
2409,20,2021-01-30,west_brom,fulham,0,home,0.02202246932136398,3.43,0.4490886791258295,0.15968587815185087,0.23302962092720755
2409,20,2021-01-30,west_brom,fulham,1,draw,0.02202246932136398,3.26,0.2293761328409742,1.3112097078713984e-18,0.23302962092720755
2409,20,2021-01-30,west_brom,fulham,0,away,0.02202246932136398,2.36,0.3215351880331963,0.0,0.23302962092720755
2410,20,2021-01-30,arsenal,man_united,0,home,0.01916807678702881,2.93,0.4007391785387687,0.0509361975171945,0.23302962092720755
2410,20,2021-01-30,arsenal,man_united,1,draw,0.01916807678702881,3.5,0.2775249277040621,0.01059464292261951,0.23302962092720755
2410,20,2021-01-30,arsenal,man_united,0,away,0.01916807678702881,2.55,0.3217358937571692,6.93889390390881e-18,0.23302962092720755
2411,21,2021-01-30,southampton,aston_villa,0,home,0.022760166525975345,2.9,0.22404923494540435,0.0,0.18604432238066448
2411,21,2021-01-30,southampton,aston_villa,0,draw,0.022760166525975345,3.73,0.2978427712408695,0.06980117630320157,0.18604432238066448
2411,21,2021-01-30,southampton,aston_villa,1,away,0.022760166525975345,2.44,0.4781079938137263,0.12420123415057947,0.18604432238066448
2412,21,2021-01-31,chelsea,burnley,1,home,0.02557070732484612,1.36,0.5835379122810497,0.0,0.18604432238066448
2412,21,2021-01-31,chelsea,burnley,0,draw,0.02557070732484612,5.25,0.2610588296488369,0.07856860374226177,0.18604432238066448
2412,21,2021-01-31,chelsea,burnley,0,away,0.02557070732484612,10.02,0.15540325807011346,0.0574441985429113,0.18604432238066448
2413,21,2021-01-31,leicester,leeds,0,home,0.01396702777203207,1.85,0.5048748693800303,5.8098728305963025e-18,0.18604432238066448
2413,21,2021-01-31,leicester,leeds,0,draw,0.01396702777203207,4.18,0.2724840403785743,0.027424870595546887,0.18604432238066448
2413,21,2021-01-31,leicester,leeds,1,away,0.01396702777203207,4.27,0.22264109024139545,0.0,0.18604432238066448
2414,21,2021-01-31,west_ham,liverpool,0,home,0.014511758020806063,4.65,0.3777921420684277,0.1982837834006807,0.18604432238066448
2414,21,2021-01-31,west_ham,liverpool,0,draw,0.014511758020806063,4.1,0.2576254192954107,0.0696909042251472,0.18604432238066448
2414,21,2021-01-31,west_ham,liverpool,1,away,0.014511758020806063,1.8,0.3645824386361615,0.0,0.18604432238066448
2415,21,2021-01-31,brighton,tottenham,1,home,0.01992738288146656,3.2,0.3026473089846434,0.02429461651076297,0.18604432238066448
2415,21,2021-01-31,brighton,tottenham,0,draw,0.01992738288146656,3.46,0.21991821857029684,3.769504789573733e-17,0.18604432238066448
2415,21,2021-01-31,brighton,tottenham,0,away,0.01992738288146656,2.39,0.4774344724450598,0.08114588642135358,0.18604432238066448
2416,21,2021-02-02,sheffield_united,west_brom,1,home,0.012329187684637866,2.11,0.4838215356092841,0.01032832824486616,0.18604432238066448
2416,21,2021-02-02,sheffield_united,west_brom,0,draw,0.012329187684637866,3.33,0.2874857964404467,4.352569642379442e-18,0.18604432238066448
2416,21,2021-02-02,sheffield_united,west_brom,0,away,0.012329187684637866,4.2,0.2286926679502693,0.0,0.18604432238066448
2417,21,2021-02-02,wolves,arsenal,1,home,0.02170628114024331,3.71,0.2740034362903873,0.006658711074892848,0.18604432238066448
2417,21,2021-02-02,wolves,arsenal,0,draw,0.02170628114024331,3.36,0.3057627930366222,0.00922828142792791,0.18604432238066448
2417,21,2021-02-02,wolves,arsenal,0,away,0.02170628114024331,2.2,0.4202337706729905,0.0,0.18604432238066448
2418,21,2021-02-02,man_united,southampton,1,home,0.01783171474952283,1.46,0.6237365039703188,8.14355787308827e-18,0.18604432238066448
2418,21,2021-02-02,man_united,southampton,0,draw,0.01783171474952283,4.81,0.2099678386581602,0.008870190810699832,0.18604432238066448
2418,21,2021-02-02,man_united,southampton,0,away,0.01783171474952283,8.0,0.1662956573715209,0.03463888059199012,0.18604432238066448
2419,21,2021-02-02,newcastle,crystal_palace,0,home,0.017860241979471336,3.01,0.3336571291862058,0.001169793330142542,0.18604432238066448
2419,21,2021-02-02,newcastle,crystal_palace,0,draw,0.017860241979471336,3.2,0.29678960313164066,0.0,0.18604432238066448
2419,21,2021-02-02,newcastle,crystal_palace,1,away,0.017860241979471336,2.68,0.3695532676821535,6.0660692338600565e-18,0.18604432238066448
2420,21,2021-02-03,burnley,man_city,0,home,0.02253193960511024,15.0,0.13303292283349055,0.06539368461793071,0.18604432238066448
2420,21,2021-02-03,burnley,man_city,0,draw,0.02253193960511024,7.0,0.20521397879712855,0.06695676021419296,0.18604432238066448
2420,21,2021-02-03,burnley,man_city,1,away,0.02253193960511024,1.23,0.6617530983693809,0.0,0.18604432238066448
2421,22,2021-02-03,fulham,leicester,0,home,0.023617323006436042,4.12,0.20027740456170226,4.5947336133600965e-17,0.10619455846989437
2421,22,2021-02-03,fulham,leicester,0,draw,0.023617323006436042,3.56,0.2892145472178878,0.024194163898021058,0.10619455846989437
2421,22,2021-02-03,fulham,leicester,1,away,0.023617323006436042,2.0,0.51050804822041,0.03971272830550332,0.10619455846989437
2422,22,2021-02-03,leeds,everton,0,home,0.01968297024667298,2.51,0.29853846327392153,3.743174415419454e-18,0.10619455846989437
2422,22,2021-02-03,leeds,everton,0,draw,0.01968297024667298,3.75,0.2837585041864505,0.057920284286264924,0.10619455846989437
2422,22,2021-02-03,leeds,everton,1,away,0.01968297024667298,2.82,0.4177030325396281,0.11170487162742354,0.10619455846989437
2423,22,2021-02-03,aston_villa,west_ham,0,home,0.02316212002829077,2.23,0.3397273816593568,8.775146785435346e-18,0.10619455846989437
2423,22,2021-02-03,aston_villa,west_ham,0,draw,0.02316212002829077,3.5,0.2764950428221721,0.03799297631316951,0.10619455846989437
2423,22,2021-02-03,aston_villa,west_ham,1,away,0.02316212002829077,3.46,0.3837775755184712,0.12970314458511104,0.10619455846989437
2424,22,2021-02-03,liverpool,brighton,0,home,0.02285630022856311,1.37,0.6754533741083729,1.8954573456783342e-17,0.10619455846989437
2424,22,2021-02-03,liverpool,brighton,0,draw,0.02285630022856311,5.5,0.20893187219727807,0.028090001512727635,0.10619455846989437
2424,22,2021-02-03,liverpool,brighton,1,away,0.02285630022856311,9.0,0.11561475369434886,0.007296942115156832,0.10619455846989437
2425,22,2021-02-04,tottenham,chelsea,0,home,0.020584283198961998,3.6,0.4309014292535697,0.23055732702160128,0.10619455846989437
2425,22,2021-02-04,tottenham,chelsea,0,draw,0.020584283198961998,3.52,0.2815392975692865,0.08391461206433748,0.10619455846989437
2425,22,2021-02-04,tottenham,chelsea,1,away,0.020584283198961998,2.18,0.2875592731771436,2.2607802585243576e-17,0.10619455846989437
2426,22,2021-02-06,aston_villa,arsenal,1,home,0.014505838449500487,2.84,0.3326646924323025,6.386148291473989e-18,0.10619455846989437
2426,22,2021-02-06,aston_villa,arsenal,0,draw,0.014505838449500487,3.6,0.2730239541112834,7.945070312739061e-19,0.10619455846989437
2426,22,2021-02-06,aston_villa,arsenal,0,away,0.014505838449500487,2.6,0.3943113534564142,0.01200761406081668,0.10619455846989437
2427,22,2021-02-06,burnley,brighton,0,home,0.021384035001358548,3.74,0.2901883182023845,0.0301718166466437,0.10619455846989437
2427,22,2021-02-06,burnley,brighton,1,draw,0.021384035001358548,3.21,0.3141997349162461,0.01617427407805725,0.10619455846989437
2427,22,2021-02-06,burnley,brighton,0,away,0.021384035001358548,2.26,0.3956119468813694,1.1054674814563034e-18,0.10619455846989437
2428,22,2021-02-06,newcastle,southampton,1,home,0.021702992299598375,3.06,0.3061412834045109,7.916126276594357e-18,0.10619455846989437
2428,22,2021-02-06,newcastle,southampton,0,draw,0.021702992299598375,3.32,0.2951010325327049,4.44990628847358e-18,0.10619455846989437
2428,22,2021-02-06,newcastle,southampton,0,away,0.021702992299598375,2.54,0.3987576840627843,0.006335298523059538,0.10619455846989437
2429,22,2021-02-06,fulham,west_ham,0,home,0.02360648819545874,3.66,0.24800078540118495,1.5715933906399608e-17,0.10619455846989437
2429,22,2021-02-06,fulham,west_ham,1,draw,0.02360648819545874,3.56,0.3098832748899969,0.03165600504298953,0.10619455846989437
2429,22,2021-02-06,fulham,west_ham,0,away,0.02360648819545874,2.13,0.4421159397088181,9.465199551648092e-18,0.10619455846989437
2430,22,2021-02-06,man_united,everton,0,home,0.026827732630499982,1.57,0.5998223444320144,7.707280577169029e-18,0.10619455846989437
2430,22,2021-02-06,man_united,everton,1,draw,0.026827732630499982,4.35,0.22016225727456712,4.0498366505831195e-18,0.10619455846989437
2430,22,2021-02-06,man_united,everton,0,away,0.026827732630499982,6.25,0.18001539829341853,0.018880405591265026,0.10619455846989437
2431,23,2021-02-07,tottenham,west_brom,1,home,0.02110795313489744,1.48,0.6912911040158677,0.06995712362787405,0.17597421903667182
2431,23,2021-02-07,tottenham,west_brom,0,draw,0.02110795313489744,4.6,0.22819495809122156,0.026159179357344072,0.17597421903667182
2431,23,2021-02-07,tottenham,west_brom,0,away,0.02110795313489744,7.81,0.08051393789291074,0.0,0.17597421903667182
2432,23,2021-02-07,wolves,leicester,0,home,0.016560499498764703,3.63,0.2887141843302721,0.013472354024852525,0.17597421903667182
2432,23,2021-02-07,wolves,leicester,1,draw,0.016560499498764703,3.49,0.2965253012007151,0.011714627057325854,0.17597421903667182
2432,23,2021-02-07,wolves,leicester,0,away,0.016560499498764703,2.2,0.4147605144690128,0.0,0.17597421903667182
2433,23,2021-02-07,liverpool,man_city,0,home,0.015513399234329484,3.44,0.4749659681214559,0.25984163560242485,0.17597421903667182
2433,23,2021-02-07,liverpool,man_city,0,draw,0.015513399234329484,3.7,0.2676257442646796,0.08153102525869084,0.17597421903667182
2433,23,2021-02-07,liverpool,man_city,1,away,0.015513399234329484,2.2,0.2574082876138645,3.469607015455876e-18,0.17597421903667182
2434,23,2021-02-07,sheffield_united,chelsea,0,home,0.01977894124490964,7.64,0.21279620741508531,0.08429448154544986,0.17597421903667182
2434,23,2021-02-07,sheffield_united,chelsea,0,draw,0.01977894124490964,4.5,0.2614807021605243,0.05619124880692407,0.17597421903667182
2434,23,2021-02-07,sheffield_united,chelsea,1,away,0.01977894124490964,1.5,0.5257230904243902,0.0,0.17597421903667182
2435,23,2021-02-08,leeds,crystal_palace,1,home,0.022216876429446364,1.88,0.3870871508700611,3.4353814171300926e-18,0.17597421903667182
2435,23,2021-02-08,leeds,crystal_palace,0,draw,0.022216876429446364,3.93,0.2803658201534883,0.05722849952870213,0.17597421903667182
2435,23,2021-02-08,leeds,crystal_palace,0,away,0.022216876429446364,4.24,0.3325470289764505,0.11373211500516855,0.17597421903667182
2436,23,2021-02-13,leicester,liverpool,1,home,0.015609351303402352,3.6,0.3580390520403168,0.08179313619881019,0.17597421903667182
2436,23,2021-02-13,leicester,liverpool,0,draw,0.015609351303402352,3.53,0.26657460576805314,0.011295783798462194,0.17597421903667182
2436,23,2021-02-13,leicester,liverpool,0,away,0.015609351303402352,2.2,0.37538634219163,3.6785436691925586e-18,0.17597421903667182
2437,23,2021-02-13,crystal_palace,burnley,0,home,0.009231090431877751,2.54,0.3978460399216525,3.0725582917296526e-05,0.17597421903667182
2437,23,2021-02-13,crystal_palace,burnley,0,draw,0.009231090431877751,3.2,0.2957833358257426,0.0,0.17597421903667182
2437,23,2021-02-13,crystal_palace,burnley,1,away,0.009231090431877751,3.3,0.3063706242526048,2.4059084189454813e-05,0.17597421903667182
2438,23,2021-02-13,man_city,tottenham,1,home,0.015208636368134075,1.35,0.6534259160347048,0.0,0.17597421903667182
2438,23,2021-02-13,man_city,tottenham,0,draw,0.015208636368134075,5.91,0.21052897322543432,0.039304630291253834,0.17597421903667182
2438,23,2021-02-13,man_city,tottenham,0,away,0.015208636368134075,9.5,0.1360451107398609,0.028538139736233648,0.17597421903667182
2439,23,2021-02-13,brighton,aston_villa,0,home,0.020392862498125552,2.85,0.3018456702359068,4.731294318746952e-18,0.17597421903667182
2439,23,2021-02-13,brighton,aston_villa,1,draw,0.020392862498125552,3.51,0.30650915684062,0.023459182051375604,0.17597421903667182
2439,23,2021-02-13,brighton,aston_villa,0,away,0.020392862498125552,2.6,0.3916451729234733,0.017754623954472606,0.17597421903667182
2440,23,2021-02-14,southampton,wolves,0,home,0.020733621778918018,2.45,0.3673911348415612,0.0,0.17597421903667182
2440,23,2021-02-14,southampton,wolves,0,draw,0.020733621778918018,3.28,0.31081574028432896,0.009263712948423484,0.17597421903667182
2440,23,2021-02-14,southampton,wolves,1,away,0.020733621778918018,3.25,0.3217931248741097,0.014127354979891186,0.17597421903667182
2441,24,2021-02-14,west_brom,man_united,0,home,0.015872089252124244,10.0,0.10920012791210808,0.009916290218671044,0.21575673433968146
2441,24,2021-02-14,west_brom,man_united,1,draw,0.015872089252124244,5.71,0.21107027203684706,0.03170462549496294,0.21575673433968146
2441,24,2021-02-14,west_brom,man_united,0,away,0.015872089252124244,1.35,0.6797296000510449,0.0,0.21575673433968146
2442,24,2021-02-14,arsenal,leeds,1,home,0.025195048787139074,1.93,0.4636170411871079,1.8905304173179672e-17,0.21575673433968146
2442,24,2021-02-14,arsenal,leeds,0,draw,0.025195048787139074,3.8,0.2872223411026235,0.024837989435691654,0.21575673433968146
2442,24,2021-02-14,arsenal,leeds,0,away,0.025195048787139074,4.1,0.2491606177102685,0.011628942367625229,0.21575673433968146
2443,24,2021-02-14,everton,fulham,0,home,0.023061448485734104,1.96,0.44790329797126455,2.0179659565485184e-17,0.21575673433968146
2443,24,2021-02-14,everton,fulham,0,draw,0.023061448485734104,3.61,0.27770527049778704,0.013522872231835882,0.21575673433968146
2443,24,2021-02-14,everton,fulham,1,away,0.023061448485734104,4.24,0.2743914315309484,0.03771489521735286,0.21575673433968146
2444,24,2021-02-15,west_ham,sheffield_united,1,home,0.02332274458167793,1.75,0.4885922369149563,4.916789752479977e-18,0.21575673433968146
2444,24,2021-02-15,west_ham,sheffield_united,0,draw,0.02332274458167793,3.82,0.3058998650018106,0.04802500224004442,0.21575673433968146
2444,24,2021-02-15,west_ham,sheffield_united,0,away,0.02332274458167793,5.26,0.2055078980832332,0.022901699532651885,0.21575673433968146
2445,24,2021-02-15,chelsea,newcastle,1,home,-0.001897723167456622,1.29,0.5497772439860306,0.0889466197912371,0.21575673433968146
2445,24,2021-02-15,chelsea,newcastle,0,draw,-0.001897723167456622,6.85,0.2461333394867537,0.1446023840387045,0.21575673433968146
2445,24,2021-02-15,chelsea,newcastle,0,away,-0.001897723167456622,13.0,0.2040894165272158,0.14840492487125814,0.21575673433968146
2446,24,2021-02-17,burnley,fulham,0,home,0.021942886074038714,2.87,0.4112823316053134,0.06482199489989908,0.21575673433968146
2446,24,2021-02-17,burnley,fulham,1,draw,0.021942886074038714,3.2,0.26662709861452244,0.0,0.21575673433968146
2446,24,2021-02-17,burnley,fulham,0,away,0.021942886074038714,2.77,0.3220905697801641,0.0,0.21575673433968146
2447,24,2021-02-17,everton,man_city,0,home,0.018493218602293915,9.5,0.1986176489110896,0.09159907015440248,0.21575673433968146
2447,24,2021-02-17,everton,man_city,0,draw,0.018493218602293915,5.62,0.2108938673970868,0.04710938203633871,0.21575673433968146
2447,24,2021-02-17,everton,man_city,1,away,0.018493218602293915,1.36,0.5904884836918236,0.0,0.21575673433968146
2448,24,2021-02-19,wolves,leeds,1,home,0.01306092612483578,2.45,0.3277374218512792,1.9301651222724055e-17,0.21575673433968146
2448,24,2021-02-19,wolves,leeds,0,draw,0.01306092612483578,3.42,0.3220875638578709,0.05057501863829866,0.21575673433968146
2448,24,2021-02-19,wolves,leeds,0,away,0.01306092612483578,3.2,0.3501750142908499,0.05833423713510287,0.21575673433968146
2449,24,2021-02-20,southampton,chelsea,0,home,0.024855246434119405,5.11,0.2528018273847365,0.060786931160309275,0.21575673433968146
2449,24,2021-02-20,southampton,chelsea,1,draw,0.024855246434119405,3.88,0.2829893290698797,0.04212261427755587,0.21575673433968146
2449,24,2021-02-20,southampton,chelsea,0,away,0.024855246434119405,1.75,0.4642088435453838,0.0,0.21575673433968146
2450,24,2021-02-20,burnley,west_brom,0,home,0.021410471770634487,2.06,0.4798211051319411,0.0,0.21575673433968146
2450,24,2021-02-20,burnley,west_brom,1,draw,0.021410471770634487,3.41,0.2965977855000635,0.0024445062580576824,0.21575673433968146
2450,24,2021-02-20,burnley,west_brom,0,away,0.021410471770634487,4.12,0.2235811093679955,2.7755575615628833e-17,0.21575673433968146
2451,25,2021-02-20,liverpool,everton,0,home,0.02504105090311981,1.5,0.6578817299503963,1.0088200208134976e-16,0.19160983153881653
2451,25,2021-02-20,liverpool,everton,0,draw,0.02504105090311981,4.64,0.2221548062842527,0.0053511793414909295,0.19160983153881653
2451,25,2021-02-20,liverpool,everton,1,away,0.02504105090311981,7.0,0.11996346376535102,0.0,0.19160983153881653
2452,25,2021-02-20,fulham,sheffield_united,1,home,0.018338409143007,2.25,0.4438285081482214,0.005307410965004831,0.19160983153881653
2452,25,2021-02-20,fulham,sheffield_united,0,draw,0.018338409143007,3.24,0.31439059095972616,0.007580307990976125,0.19160983153881653
2452,25,2021-02-20,fulham,sheffield_united,0,away,0.018338409143007,3.77,0.24178090089205234,1.5415254348304787e-17,0.19160983153881653
2453,25,2021-02-21,west_ham,tottenham,1,home,0.01756087050204691,2.73,0.355429096246242,1.7063769350927006e-17,0.19160983153881653
2453,25,2021-02-21,west_ham,tottenham,0,draw,0.01756087050204691,3.4,0.27195223441898675,1.1876940193584769e-17,0.19160983153881653
2453,25,2021-02-21,west_ham,tottenham,0,away,0.01756087050204691,2.8,0.3726186693347713,0.015248358708802175,0.19160983153881653
2454,25,2021-02-21,aston_villa,leicester,0,home,0.023432620969650264,2.94,0.31715971595383324,1.7144200846328697e-17,0.19160983153881653
2454,25,2021-02-21,aston_villa,leicester,0,draw,0.023432620969650264,3.55,0.2542026987104508,3.4307955535806574e-17,0.19160983153881653
2454,25,2021-02-21,aston_villa,leicester,1,away,0.023432620969650264,2.49,0.4286375853357159,0.028878315373752995,0.19160983153881653
2455,25,2021-02-21,arsenal,man_city,0,home,0.01927176134935116,6.5,0.2746222224499973,0.12179719521347106,0.19160983153881653
2455,25,2021-02-21,arsenal,man_city,0,draw,0.01927176134935116,4.54,0.20840970247731225,0.018056277869974397,0.19160983153881653
2455,25,2021-02-21,arsenal,man_city,1,away,0.01927176134935116,1.55,0.5169680750726904,2.116095706858776e-17,0.19160983153881653
2456,25,2021-02-21,man_united,newcastle,1,home,0.017632282899458396,1.31,0.6345400954852546,2.262323525161468e-17,0.19160983153881653
2456,25,2021-02-21,man_united,newcastle,0,draw,0.017632282899458396,5.85,0.2165462416589812,0.052798766190425415,0.19160983153881653
2456,25,2021-02-21,man_united,newcastle,0,away,0.017632282899458396,12.0,0.14891366285576413,0.06339365655757113,0.19160983153881653
2457,25,2021-02-22,brighton,crystal_palace,0,home,0.02574184621688591,1.75,0.3668334877219669,6.576177386736167e-18,0.19160983153881653
2457,25,2021-02-22,brighton,crystal_palace,0,draw,0.02574184621688591,3.61,0.3152648518473508,0.10109209673258238,0.19160983153881653
2457,25,2021-02-22,brighton,crystal_palace,1,away,0.02574184621688591,5.64,0.3179016604306823,0.16953517741930416,0.19160983153881653
2458,25,2021-02-23,leeds,southampton,1,home,0.014957264957264902,2.4,0.3760135696724695,2.042174994397873e-17,0.19160983153881653
2458,25,2021-02-23,leeds,southampton,0,draw,0.014957264957264902,3.6,0.2864832513357257,0.016412080239786794,0.19160983153881653
2458,25,2021-02-23,leeds,southampton,0,away,0.014957264957264902,3.12,0.3375031789918047,0.02352649423901369,0.19160983153881653
2459,25,2021-02-27,man_city,west_ham,1,home,0.023744005455091918,1.25,0.6879493419568808,5.20748056396869e-18,0.19160983153881653
2459,25,2021-02-27,man_city,west_ham,0,draw,0.023744005455091918,6.76,0.16850308857500235,0.026477235332845687,0.19160983153881653
2459,25,2021-02-27,man_city,west_ham,0,away,0.023744005455091918,13.19,0.1435475694681169,0.06263122794723106,0.19160983153881653
2460,25,2021-02-27,west_brom,brighton,1,home,0.02276550643879016,4.22,0.2841751871777377,0.06320508078466344,0.19160983153881653
2460,25,2021-02-27,west_brom,brighton,0,draw,0.02276550643879016,3.53,0.3263215282159535,0.06530795657758781,0.19160983153881653
2460,25,2021-02-27,west_brom,brighton,0,away,0.02276550643879016,1.99,0.3895032846063088,2.7034642513473833e-18,0.19160983153881653
2461,26,2021-02-27,leeds,aston_villa,0,home,0.012721294051217358,2.3,0.2884946640715781,0.0,0.16348297361019412
2461,26,2021-02-27,leeds,aston_villa,0,draw,0.012721294051217358,3.74,0.30430226763394297,0.08463140526233534,0.16348297361019412
2461,26,2021-02-27,leeds,aston_villa,1,away,0.012721294051217358,3.22,0.4072030682944788,0.1440302591605462,0.16348297361019412
2462,26,2021-02-27,newcastle,wolves,0,home,0.017127689963816417,3.56,0.3474694383554024,0.07136146973526987,0.16348297361019412
2462,26,2021-02-27,newcastle,wolves,1,draw,0.017127689963816417,3.2,0.30411203929503666,0.019367185149793277,0.16348297361019412
2462,26,2021-02-27,newcastle,wolves,0,away,0.017127689963816417,2.36,0.3484185223495609,0.0,0.16348297361019412
2463,26,2021-02-28,crystal_palace,fulham,0,home,0.02156629193871762,3.62,0.42626144265237415,0.17636441357259805,0.16348297361019412
2463,26,2021-02-28,crystal_palace,fulham,1,draw,0.02156629193871762,3.24,0.260091723578914,0.015335574702062862,0.16348297361019412
2463,26,2021-02-28,crystal_palace,fulham,0,away,0.02156629193871762,2.29,0.31364683376871194,0.0,0.16348297361019412
2464,26,2021-02-28,leicester,arsenal,0,home,0.019725162935588347,2.61,0.2728890120631097,0.0,0.16348297361019412
2464,26,2021-02-28,leicester,arsenal,0,draw,0.019725162935588347,3.4,0.2771699227205579,0.03208415235052492,0.16348297361019412
2464,26,2021-02-28,leicester,arsenal,1,away,0.019725162935588347,2.92,0.4499410652163325,0.13742724534587103,0.16348297361019412
2465,26,2021-02-28,tottenham,burnley,1,home,0.02343223517468496,1.56,0.6311493871134009,1.1237529363000492e-17,0.16348297361019412
2465,26,2021-02-28,tottenham,burnley,0,draw,0.02343223517468496,4.1,0.2415591875931534,0.0,0.16348297361019412
2465,26,2021-02-28,tottenham,burnley,0,away,0.02343223517468496,7.22,0.1272914252934458,0.0,0.16348297361019412
2466,26,2021-02-28,chelsea,man_united,0,home,0.017084693794821467,2.3,0.4971666245576294,0.07010078424134239,0.16348297361019412
2466,26,2021-02-28,chelsea,man_united,1,draw,0.017084693794821467,3.4,0.2622879452643254,0.0006022004856076071,0.16348297361019412
2466,26,2021-02-28,chelsea,man_united,0,away,0.017084693794821467,3.47,0.2405454301780453,1.5860611442447093e-17,0.16348297361019412
2467,26,2021-02-28,sheffield_united,liverpool,0,home,0.02190357947298427,8.0,0.2099985902055844,0.09053470024519257,0.16348297361019412
2467,26,2021-02-28,sheffield_united,liverpool,0,draw,0.02190357947298427,5.19,0.2422071476558433,0.0658705360587545,0.16348297361019412
2467,26,2021-02-28,sheffield_united,liverpool,1,away,0.02190357947298427,1.42,0.5477942621385724,3.884798569582603e-18,0.16348297361019412
2468,26,2021-03-01,everton,southampton,1,home,0.022515971139957625,2.21,0.4534187961805588,0.011046629991630034,0.16348297361019412
2468,26,2021-03-01,everton,southampton,0,draw,0.022515971139957625,3.58,0.29100849889894714,0.013264373386150562,0.16348297361019412
2468,26,2021-03-01,everton,southampton,0,away,0.022515971139957625,3.44,0.255572704920494,0.0,0.16348297361019412
2469,26,2021-03-02,man_city,wolves,1,home,0.003758482686619047,1.25,0.7760420024730373,2.5555217696105075e-17,0.16348297361019412
2469,26,2021-03-02,man_city,wolves,0,draw,0.003758482686619047,7.0,0.14260168532827494,0.0018130515320454947,0.16348297361019412
2469,26,2021-03-02,man_city,wolves,0,away,0.003758482686619047,16.42,0.08135631219868784,0.015782857669047582,0.16348297361019412
2470,26,2021-03-03,burnley,leicester,0,home,0.01195373537231337,4.1,0.24557555402267675,0.0011764588610967803,0.16348297361019412
2470,26,2021-03-03,burnley,leicester,1,draw,0.01195373537231337,3.4,0.28899541398177536,1.616312809591106e-17,0.16348297361019412
2470,26,2021-03-03,burnley,leicester,0,away,0.01195373537231337,2.11,0.4654290319955479,0.0,0.16348297361019412
2471,27,2021-03-03,sheffield_united,aston_villa,1,home,0.014208764870335068,3.9,0.21679270763249706,3.4224488742275555e-06,0.2083827394348317
2471,27,2021-03-03,sheffield_united,aston_villa,0,draw,0.014208764870335068,3.58,0.34240082765895186,0.04519831985948276,0.2083827394348317
2471,27,2021-03-03,sheffield_united,aston_villa,0,away,0.014208764870335068,2.09,0.4408064647085511,5.929055586176324e-17,0.2083827394348317
2472,27,2021-03-03,crystal_palace,man_united,0,home,0.02243087695632306,8.18,0.17728904839138346,0.04559843098840648,0.2083827394348317
2472,27,2021-03-03,crystal_palace,man_united,1,draw,0.02243087695632306,4.75,0.24491564680285766,0.031306194554848676,0.2083827394348317
2472,27,2021-03-03,crystal_palace,man_united,0,away,0.02243087695632306,1.45,0.577795304805759,0.0,0.2083827394348317
2473,27,2021-03-04,fulham,tottenham,0,home,0.01712648274023731,4.1,0.2938859744735263,0.03295941847751069,0.2083827394348317
2473,27,2021-03-04,fulham,tottenham,0,draw,0.01712648274023731,3.66,0.2310204309139153,0.0,0.2083827394348317
2473,27,2021-03-04,fulham,tottenham,1,away,0.01712648274023731,2.0,0.4750935946125586,4.092618952701598e-05,0.2083827394348317
2474,27,2021-03-04,west_brom,everton,0,home,0.02223356990091263,4.5,0.18457953214146225,2.3450634501192483e-17,0.2083827394348317
2474,27,2021-03-04,west_brom,everton,0,draw,0.02223356990091263,3.77,0.28355666172710703,5.172078858617503e-07,0.2083827394348317
2474,27,2021-03-04,west_brom,everton,1,away,0.02223356990091263,1.87,0.5318638061314308,5.451685447676838e-07,0.2083827394348317
2475,27,2021-03-04,liverpool,chelsea,0,home,0.02209920125517062,2.28,0.6568096160347355,0.35185976724685347,0.2083827394348317
2475,27,2021-03-04,liverpool,chelsea,0,draw,0.02209920125517062,3.69,0.21899590885932854,0.05454508928257279,0.2083827394348317
2475,27,2021-03-04,liverpool,chelsea,1,away,0.02209920125517062,3.2,0.124194475105936,0.0,0.2083827394348317
2476,27,2021-03-06,burnley,arsenal,0,home,0.0250789009379504,5.75,0.2650777142148356,0.09826423919199505,0.2083827394348317
2476,27,2021-03-06,burnley,arsenal,1,draw,0.0250789009379504,4.02,0.3179497188419702,0.08738462741904508,0.2083827394348317
2476,27,2021-03-06,burnley,arsenal,0,away,0.0250789009379504,1.66,0.41697256694319423,5.017073237085312e-18,0.2083827394348317
2477,27,2021-03-06,sheffield_united,southampton,0,home,0.016082554173973532,3.77,0.3224617173756896,0.03953523321299002,0.2083827394348317
2477,27,2021-03-06,sheffield_united,southampton,0,draw,0.016082554173973532,3.5,0.3033518395572056,1.4962902362057423e-17,0.2083827394348317
2477,27,2021-03-06,sheffield_united,southampton,1,away,0.016082554173973532,2.15,0.3741864430671049,3.98180128296039e-05,0.2083827394348317
2478,27,2021-03-06,aston_villa,wolves,0,home,0.015796162924408552,2.48,0.3892886848557103,0.0,0.2083827394348317
2478,27,2021-03-06,aston_villa,wolves,1,draw,0.015796162924408552,3.25,0.311145752780022,7.64183055824603e-07,0.2083827394348317
2478,27,2021-03-06,aston_villa,wolves,0,away,0.015796162924408552,3.28,0.2995655623642677,1.1055021852070993e-05,0.2083827394348317
2479,27,2021-03-06,brighton,leicester,0,home,0.01247711747446445,2.6,0.2575735742244121,0.0,0.2083827394348317
2479,27,2021-03-06,brighton,leicester,0,draw,0.01247711747446445,3.37,0.26604379513914195,0.023367376077805927,0.2083827394348317
2479,27,2021-03-06,brighton,leicester,1,away,0.01247711747446445,3.02,0.47638263063644604,0.16041193052899927,0.2083827394348317
2480,27,2021-03-07,west_brom,newcastle,0,home,0.02130966737629669,2.47,0.3650425420132921,1.5982924749747816e-06,0.2083827394348317
2480,27,2021-03-07,west_brom,newcastle,1,draw,0.02130966737629669,3.29,0.2770577505933192,2.3805263270526506e-17,0.2083827394348317
2480,27,2021-03-07,west_brom,newcastle,0,away,0.02130966737629669,3.2,0.3578997073933887,0.029407894411158115,0.2083827394348317
2481,28,2021-03-07,liverpool,fulham,0,home,-3.52995163965808e-05,1.42,0.6576914934665197,0.2724636028596353,0.05956008561202063
2481,28,2021-03-07,liverpool,fulham,0,draw,-3.52995163965808e-05,5.25,0.2544183945940911,0.14478296738962393,0.05956008561202063
2481,28,2021-03-07,liverpool,fulham,1,away,-3.52995163965808e-05,9.5,0.08789011193938914,0.0314846850871404,0.05956008561202063
2482,28,2021-03-07,man_city,man_united,0,home,0.013450292397660936,1.52,0.6144652065204778,2.7238101212517523e-17,0.05956008561202063
2482,28,2021-03-07,man_city,man_united,0,draw,0.013450292397660936,4.5,0.22348458031387855,0.010279663734178287,0.05956008561202063
2482,28,2021-03-07,man_city,man_united,1,away,0.013450292397660936,7.5,0.16205021316564375,0.03164824660352703,0.05956008561202063
2483,28,2021-03-07,tottenham,crystal_palace,1,home,0.017391304347825987,1.5,0.6554554982636687,0.0,0.05956008561202063
2483,28,2021-03-07,tottenham,crystal_palace,0,draw,0.017391304347825987,4.6,0.22377230925120212,0.007209512416999178,0.05956008561202063
2483,28,2021-03-07,tottenham,crystal_palace,0,away,0.017391304347825987,7.5,0.1207721924851293,0.0,0.05956008561202063
2484,28,2021-03-08,chelsea,everton,1,home,0.016699081185849396,1.57,0.5553238273367956,4.242028237560403e-18,0.05956008561202063
2484,28,2021-03-08,chelsea,everton,0,draw,0.016699081185849396,4.33,0.2386231183417231,0.02884062083888789,0.05956008561202063
2484,28,2021-03-08,chelsea,everton,0,away,0.016699081185849396,6.72,0.20605305432148127,0.06766906080509784,0.05956008561202063
2485,28,2021-03-08,west_ham,leeds,1,home,0.021459424503936345,2.14,0.4078289539769804,0.0,0.05956008561202063
2485,28,2021-03-08,west_ham,leeds,0,draw,0.021459424503936345,3.67,0.2994838944832862,0.04480918524935641,0.05956008561202063
2485,28,2021-03-08,west_ham,leeds,0,away,0.021459424503936345,3.55,0.29268715153973346,0.031010023224675966,0.05956008561202063
2486,28,2021-03-10,man_city,southampton,1,home,0.011828993892639028,1.22,0.7522609260016262,9.225463042372427e-18,0.05956008561202063
2486,28,2021-03-10,man_city,southampton,0,draw,0.011828993892639028,7.5,0.1572818378824887,0.030309673263211198,0.05956008561202063
2486,28,2021-03-10,man_city,southampton,0,away,0.011828993892639028,17.0,0.09045723611588513,0.033354045209563456,0.05956008561202063
2487,28,2021-03-12,newcastle,aston_villa,0,home,0.01781762309524826,3.9,0.2602031992009264,0.023083732843758312,0.05956008561202063
2487,28,2021-03-12,newcastle,aston_villa,1,draw,0.01781762309524826,3.4,0.3294240560472224,0.0545225772628016,0.05956008561202063
2487,28,2021-03-12,newcastle,aston_villa,0,away,0.01781762309524826,2.14,0.4103727447518512,0.0,0.05956008561202063
2488,28,2021-03-13,leeds,chelsea,0,home,0.020131086142322285,4.8,0.2675578939534028,0.07586304931064854,0.05956008561202063
2488,28,2021-03-13,leeds,chelsea,1,draw,0.020131086142322285,4.0,0.251151700843839,0.02607257547913348,0.05956008561202063
2488,28,2021-03-13,leeds,chelsea,0,away,0.020131086142322285,1.78,0.4812904052027583,7.98997128747094e-18,0.05956008561202063
2489,28,2021-03-13,crystal_palace,west_brom,1,home,0.01086301086301078,2.31,0.466458455790767,0.06223826015145434,0.05956008561202063
2489,28,2021-03-13,crystal_palace,west_brom,0,draw,0.01086301086301078,3.25,0.2717717956015945,1.699296533518735e-17,0.05956008561202063
2489,28,2021-03-13,crystal_palace,west_brom,0,away,0.01086301086301078,3.7,0.26176974860763835,0.012513051584091535,0.05956008561202063
2490,28,2021-03-13,everton,burnley,0,home,0.022489941297432647,1.93,0.4969660453623117,0.0,0.05956008561202063
2490,28,2021-03-13,everton,burnley,0,draw,0.022489941297432647,3.52,0.2936779815128169,0.01184546668621552,0.05956008561202063
2490,28,2021-03-13,everton,burnley,1,away,0.022489941297432647,4.54,0.20935597312487134,0.0,0.05956008561202063
2491,29,2021-03-13,fulham,man_city,0,home,0.023942000167035404,10.46,0.13361374533649428,0.03222388516249721,0.1773714108022561
2491,29,2021-03-13,fulham,man_city,0,draw,0.023942000167035404,5.04,0.16815758562802094,0.0,0.1773714108022561
2491,29,2021-03-13,fulham,man_city,1,away,0.023942000167035404,1.37,0.6982286690354849,1.4684219084047135e-17,0.1773714108022561
2492,29,2021-03-14,southampton,brighton,0,home,0.02163866923815672,3.03,0.3110929989898968,3.1789336608533234e-18,0.1773714108022561
2492,29,2021-03-14,southampton,brighton,0,draw,0.02163866923815672,3.14,0.31851473004953,4.272405657503684e-05,0.1773714108022561
2492,29,2021-03-14,southampton,brighton,1,away,0.02163866923815672,2.68,0.37039227096057337,2.2538823225236054e-17,0.1773714108022561
2493,29,2021-03-14,leicester,sheffield_united,1,home,0.01917690152984264,1.56,0.6322906831822045,1.5892102561477177e-17,0.1773714108022561
2493,29,2021-03-14,leicester,sheffield_united,0,draw,0.01917690152984264,4.25,0.2280297210394304,8.930990900912156e-18,0.1773714108022561
2493,29,2021-03-14,leicester,sheffield_united,0,away,0.01917690152984264,7.0,0.13967959577836522,4.68637712407305e-18,0.1773714108022561
2494,29,2021-03-14,arsenal,tottenham,1,home,0.01990819337399019,2.65,0.4194499936225205,0.05923518114916633,0.1773714108022561
2494,29,2021-03-14,arsenal,tottenham,0,draw,0.01990819337399019,3.4,0.2902755150552635,0.0198897423103457,0.1773714108022561
2494,29,2021-03-14,arsenal,tottenham,0,away,0.01990819337399019,2.87,0.29027449132221617,2.5518599790525332e-17,0.1773714108022561
2495,29,2021-03-14,man_united,west_ham,1,home,0.025261911028209738,1.88,0.5935435704340467,0.09535876883108395,0.1773714108022561
2495,29,2021-03-14,man_united,west_ham,0,draw,0.025261911028209738,3.63,0.2146691512668716,0.0,0.1773714108022561
2495,29,2021-03-14,man_united,west_ham,0,away,0.025261911028209738,4.59,0.19178727829908174,0.0030643719441300742,0.1773714108022561
2496,29,2021-03-15,wolves,liverpool,0,home,0.02086511032194216,5.0,0.32684953868564914,0.151524788797136,0.1773714108022561
2496,29,2021-03-15,wolves,liverpool,0,draw,0.02086511032194216,3.86,0.2779641730272346,0.06863000407696468,0.1773714108022561
2496,29,2021-03-15,wolves,liverpool,1,away,0.02086511032194216,1.78,0.39518628828711616,2.6890144111210093e-17,0.1773714108022561
2497,29,2021-03-19,fulham,leeds,0,home,0.01820411243161657,2.48,0.3703741738997041,1.1626911543304783e-18,0.1773714108022561
2497,29,2021-03-19,fulham,leeds,0,draw,0.01820411243161657,3.42,0.28079151399147784,2.629339646295654e-21,0.1773714108022561
2497,29,2021-03-19,fulham,leeds,1,away,0.01820411243161657,3.1,0.3488343121088181,0.026752562314438184,0.1773714108022561
2498,29,2021-03-20,brighton,newcastle,1,home,0.0243991155629002,1.67,0.37513763234592296,0.0,0.1773714108022561
2498,29,2021-03-20,brighton,newcastle,0,draw,0.0243991155629002,3.61,0.3094181572872796,0.11042472661064488,0.1773714108022561
2498,29,2021-03-20,brighton,newcastle,0,away,0.0243991155629002,6.73,0.3154442103667975,0.20160274330217945,0.1773714108022561
2499,29,2021-03-21,west_ham,arsenal,0,home,0.013230363984674476,2.9,0.3256571877507017,0.0,0.1773714108022561
2499,29,2021-03-21,west_ham,arsenal,1,draw,0.013230363984674476,3.6,0.2957305702287666,0.01706490116868246,0.1773714108022561
2499,29,2021-03-21,west_ham,arsenal,0,away,0.013230363984674476,2.56,0.3786122420205318,0.0,0.1773714108022561
2500,29,2021-03-21,aston_villa,tottenham,0,home,0.022276150792405414,3.03,0.3607977932129883,0.03582150681914249,0.1773714108022561
2500,29,2021-03-21,aston_villa,tottenham,0,draw,0.022276150792405414,3.46,0.24954880785192346,0.0,0.1773714108022561
2500,29,2021-03-21,aston_villa,tottenham,1,away,0.022276150792405414,2.48,0.38965339893508816,0.008075955274146195,0.1773714108022561
2501,30,2021-04-03,chelsea,west_brom,0,home,0.02664380870745386,1.22,0.6311213312869677,0.0,0.24136599310517276
2501,30,2021-04-03,chelsea,west_brom,0,draw,0.02664380870745386,6.75,0.2282753556044519,0.08418439490224496,0.24136599310517276
2501,30,2021-04-03,chelsea,west_brom,1,away,0.02664380870745386,17.0,0.1406033131085805,0.07950358161428224,0.24136599310517276
2502,30,2021-04-03,leeds,sheffield_united,1,home,0.015750159713008083,1.53,0.4806326232709464,0.0,0.24136599310517276
2502,30,2021-04-03,leeds,sheffield_united,0,draw,0.015750159713008083,4.56,0.2784311493461399,0.07668047662203184,0.24136599310517276
2502,30,2021-04-03,leeds,sheffield_united,0,away,0.015750159713008083,7.0,0.24093622738291384,0.10032513109879046,0.24136599310517276
2503,30,2021-04-03,leicester,man_city,0,home,0.007361398665746366,6.75,0.29707349566154834,0.15035227258235018,0.24136599310517276
2503,30,2021-04-03,leicester,man_city,0,draw,0.007361398665746366,4.2,0.23984756345736866,0.03694277579488934,0.24136599310517276
2503,30,2021-04-03,leicester,man_city,1,away,0.007361398665746366,1.61,0.4630789408810829,9.965654323659638e-18,0.24136599310517276
2504,30,2021-04-03,arsenal,liverpool,0,home,0.019518287770953883,3.18,0.3872403956301431,0.0907876993538682,0.24136599310517276
2504,30,2021-04-03,arsenal,liverpool,0,draw,0.019518287770953883,3.7,0.3040820525582692,0.05748562769453279,0.24136599310517276
2504,30,2021-04-03,arsenal,liverpool,1,away,0.019518287770953883,2.3,0.3086775518115876,0.0,0.24136599310517276
2505,30,2021-04-04,southampton,burnley,1,home,0.01994046511366632,2.11,0.3573503702958648,1.4661002163480827e-17,0.24136599310517276
2505,30,2021-04-04,southampton,burnley,0,draw,0.01994046511366632,3.4,0.3188072084918829,0.04695730195195585,0.24136599310517276
2505,30,2021-04-04,southampton,burnley,0,away,0.01994046511366632,3.97,0.3238424212122523,0.07626158433765179,0.24136599310517276
2506,30,2021-04-04,newcastle,tottenham,0,home,0.018282552641272654,5.8,0.2582330450986522,0.07447350212074418,0.24136599310517276
2506,30,2021-04-04,newcastle,tottenham,1,draw,0.018282552641272654,4.17,0.2315304173178881,0.011501156969658343,0.24136599310517276
2506,30,2021-04-04,newcastle,tottenham,0,away,0.018282552641272654,1.65,0.5102365375834597,0.0,0.24136599310517276
2507,30,2021-04-04,aston_villa,fulham,1,home,0.02277117743649182,2.32,0.4127513792245824,0.0,0.24136599310517276
2507,30,2021-04-04,aston_villa,fulham,0,draw,0.02277117743649182,3.36,0.305261533175038,0.005119952687592994,0.24136599310517276
2507,30,2021-04-04,aston_villa,fulham,0,away,0.02277117743649182,3.4,0.28198708760037955,2.6438373036915675e-19,0.24136599310517276
2508,30,2021-04-04,man_united,brighton,1,home,0.02521802425012365,1.67,0.5773599701852585,0.0,0.24136599310517276
2508,30,2021-04-04,man_united,brighton,0,draw,0.02521802425012365,4.04,0.2441188804848205,0.0,0.24136599310517276
2508,30,2021-04-04,man_united,brighton,0,away,0.02521802425012365,5.59,0.1785211493299209,0.0,0.24136599310517276
2509,30,2021-04-05,everton,crystal_palace,0,home,0.023202795352900152,1.84,0.5156581254337749,0.0,0.24136599310517276
2509,30,2021-04-05,everton,crystal_palace,1,draw,0.023202795352900152,3.54,0.2912412462318552,0.005787026708394511,0.24136599310517276
2509,30,2021-04-05,everton,crystal_palace,0,away,0.023202795352900152,5.07,0.19310062833436994,0.0,0.24136599310517276
2510,30,2021-04-05,wolves,west_ham,0,home,0.020799662708172132,3.0,0.2843423357646302,0.0,0.24136599310517276
2510,30,2021-04-05,wolves,west_ham,0,draw,0.020799662708172132,3.21,0.30826754138547,0.010534726038358361,0.24136599310517276
2510,30,2021-04-05,wolves,west_ham,1,away,0.020799662708172132,2.66,0.4073901228498998,0.031666299824264214,0.24136599310517276
2511,31,2021-04-09,fulham,wolves,0,home,0.017755035987854884,2.6,0.3593226514141831,1.5641558907645766e-17,0.13432442103146652
2511,31,2021-04-09,fulham,wolves,0,draw,0.017755035987854884,3.1,0.29361182281524506,2.1939921247073934e-17,0.13432442103146652
2511,31,2021-04-09,fulham,wolves,1,away,0.017755035987854884,3.22,0.3470655257705719,0.0379672781049323,0.13432442103146652
2512,31,2021-04-10,man_city,leeds,0,home,0.0009639483323693463,1.33,0.7251771061397524,1.4319817877899918e-17,0.13432442103146652
2512,31,2021-04-10,man_city,leeds,0,draw,0.0009639483323693463,6.5,0.16479738380248926,0.011356471032477021,0.13432442103146652
2512,31,2021-04-10,man_city,leeds,1,away,0.0009639483323693463,10.5,0.11002551005775832,0.013189402889827354,0.13432442103146652
2513,31,2021-04-10,liverpool,aston_villa,1,home,0.024832229435809868,1.53,0.5828902640373721,2.1911113887143124e-17,0.13432442103146652
2513,31,2021-04-10,liverpool,aston_villa,0,draw,0.024832229435809868,4.6,0.26064441501410485,0.044089331726053206,0.13432442103146652
2513,31,2021-04-10,liverpool,aston_villa,0,away,0.024832229435809868,6.5,0.15646532094852292,0.009445525439072735,0.13432442103146652
2514,31,2021-04-10,crystal_palace,chelsea,0,home,0.02005543402657395,7.31,0.2297177487643115,0.1087212313107385,0.13432442103146652
2514,31,2021-04-10,crystal_palace,chelsea,0,draw,0.02005543402657395,4.2,0.2881768104768423,0.08580242762327225,0.13432442103146652
2514,31,2021-04-10,crystal_palace,chelsea,1,away,0.02005543402657395,1.55,0.4821054407588463,5.86290195552726e-18,0.13432442103146652
2515,31,2021-04-11,burnley,newcastle,0,home,0.020948357645504068,2.41,0.315609618718016,1.5951333951441443e-17,0.13432442103146652
2515,31,2021-04-11,burnley,newcastle,0,draw,0.020948357645504068,3.18,0.3098282726745928,0.040080593272149134,0.13432442103146652
2515,31,2021-04-11,burnley,newcastle,1,away,0.020948357645504068,3.43,0.3745621086073911,0.10901085140583178,0.13432442103146652
2516,31,2021-04-11,west_ham,leicester,1,home,0.017891111706596963,3.11,0.3044489231299152,9.761567783440233e-19,0.13432442103146652
2516,31,2021-04-11,west_ham,leicester,0,draw,0.017891111706596963,3.47,0.27806743099332104,1.5927872495490714e-18,0.13432442103146652
2516,31,2021-04-11,west_ham,leicester,0,away,0.017891111706596963,2.45,0.4174836458767636,0.010591911639294413,0.13432442103146652
2517,31,2021-04-11,tottenham,man_united,0,home,0.02198553749629495,2.9,0.4037021612884064,0.07711186488188171,0.13432442103146652
2517,31,2021-04-11,tottenham,man_united,0,draw,0.02198553749629495,3.49,0.2779273127221435,0.01992026073171404,0.13432442103146652
2517,31,2021-04-11,tottenham,man_united,1,away,0.02198553749629495,2.56,0.3183705259894501,1.2653335810904161e-17,0.13432442103146652
2518,31,2021-04-11,sheffield_united,arsenal,0,home,0.011245525385881637,6.5,0.2156441685583252,0.06493285188128772,0.13432442103146652
2518,31,2021-04-11,sheffield_united,arsenal,0,draw,0.011245525385881637,4.1,0.2571406844268797,0.03142590666918512,0.13432442103146652
2518,31,2021-04-11,sheffield_united,arsenal,1,away,0.011245525385881637,1.63,0.527215147014795,1.173931199904959e-18,0.13432442103146652
2519,31,2021-04-12,west_brom,southampton,1,home,0.02289259541469613,3.69,0.38371331753700505,0.13215827455060752,0.13432442103146652
2519,31,2021-04-12,west_brom,southampton,0,draw,0.02289259541469613,3.34,0.2625419064016967,0.010865740954722989,0.13432442103146652
2519,31,2021-04-12,west_brom,southampton,0,away,0.02289259541469613,2.21,0.35374477606129834,4.6111422126322335e-18,0.13432442103146652
2520,31,2021-04-12,brighton,everton,0,home,0.02206992485029424,2.33,0.35253510833975266,1.9570829569202657e-17,0.13432442103146652
2520,31,2021-04-12,brighton,everton,1,draw,0.02206992485029424,3.3,0.27609088200392345,0.008965128042407374,0.13432442103146652
2520,31,2021-04-12,brighton,everton,0,away,0.02206992485029424,3.45,0.371374009656324,0.09358872022429157,0.13432442103146652
2521,32,2021-04-16,everton,tottenham,0,home,0.019101849901585588,3.5,0.3563030318179781,0.09635228609098871,0.10052953639471332
2521,32,2021-04-16,everton,tottenham,1,draw,0.019101849901585588,3.56,0.2792469287895893,0.0335012388518798,0.10052953639471332
2521,32,2021-04-16,everton,tottenham,0,away,0.019101849901585588,2.21,0.3644500393924327,1.7578506437832294e-17,0.10052953639471332
2522,32,2021-04-17,newcastle,west_ham,1,home,0.01967067200712069,3.75,0.2777776467619416,0.02324986723250488,0.10052953639471332
2522,32,2021-04-17,newcastle,west_ham,0,draw,0.01967067200712069,3.5,0.3069201877869646,0.03244376458747463,0.10052953639471332
2522,32,2021-04-17,newcastle,west_ham,0,away,0.01967067200712069,2.14,0.4153021654510938,9.378712686026466e-18,0.10052953639471332
2523,32,2021-04-17,wolves,sheffield_united,1,home,0.02583979328165387,1.72,0.4845803102559039,9.308346527331948e-18,0.10052953639471332
2523,32,2021-04-17,wolves,sheffield_united,0,draw,0.02583979328165387,3.6,0.27697919217050204,0.027497952929371045,0.10052953639471332
2523,32,2021-04-17,wolves,sheffield_united,0,away,0.02583979328165387,6.0,0.23844049757359406,0.08058477651154275,0.10052953639471332
2524,32,2021-04-18,arsenal,fulham,0,home,0.01229330309012755,1.79,0.5064374548090507,7.159913920177742e-18,0.10052953639471332
2524,32,2021-04-18,arsenal,fulham,1,draw,0.01229330309012755,3.8,0.2820406387970051,0.029735619970184365,0.10052953639471332
2524,32,2021-04-18,arsenal,fulham,0,away,0.01229330309012755,5.25,0.2115219063939443,0.027631284857996506,0.10052953639471332
2525,32,2021-04-18,man_united,burnley,1,home,0.015113871635610954,1.38,0.6856915320293756,7.514798406984335e-18,0.10052953639471332
2525,32,2021-04-18,man_united,burnley,0,draw,0.015113871635610954,5.25,0.2030460569297544,0.014807619919841844,0.10052953639471332
2525,32,2021-04-18,man_united,burnley,0,away,0.015113871635610954,10.0,0.11126241104086997,0.011599961005128256,0.10052953639471332
2526,32,2021-04-19,leeds,liverpool,0,home,0.023778659293093973,4.85,0.2689341231357047,0.07661028350421471,0.10052953639471332
2526,32,2021-04-19,leeds,liverpool,1,draw,0.023778659293093973,4.36,0.24324907408843086,0.03610754116347831,0.10052953639471332
2526,32,2021-04-19,leeds,liverpool,0,away,0.023778659293093973,1.7,0.4878168027758645,2.305385541383026e-17,0.10052953639471332
2527,32,2021-04-20,chelsea,brighton,0,home,0.013647082665487531,1.63,0.5611163203853602,8.386175847611026e-18,0.10052953639471332
2527,32,2021-04-20,chelsea,brighton,1,draw,0.013647082665487531,4.0,0.2470706025794944,0.010130971024167271,0.10052953639471332
2527,32,2021-04-20,chelsea,brighton,0,away,0.013647082665487531,6.66,0.1918130770351454,0.042801971580559185,0.10052953639471332
2528,32,2021-04-21,tottenham,southampton,1,home,0.024813690558682436,1.83,0.5846357299139042,0.09385113318801143,0.10052953639471332
2528,32,2021-04-21,tottenham,southampton,0,draw,0.024813690558682436,3.86,0.25139090996553404,0.023869729900770385,0.10052953639471332
2528,32,2021-04-21,tottenham,southampton,0,away,0.024813690558682436,4.56,0.16397336012056182,2.2770875442071582e-17,0.10052953639471332
2529,32,2021-04-21,aston_villa,man_city,0,home,0.02460001264782141,9.0,0.15534551818600464,0.04373136372834288,0.10052953639471332
2529,32,2021-04-21,aston_villa,man_city,0,draw,0.02460001264782141,5.02,0.19782988258610787,0.008537108795797811,0.10052953639471332
2529,32,2021-04-21,aston_villa,man_city,1,away,0.02460001264782141,1.4,0.6468245992278874,1.330095964551869e-17,0.10052953639471332
2530,32,2021-04-22,leicester,west_brom,1,home,0.023866942275302398,1.6,0.4722239380927678,2.208470380762243e-17,0.10052953639471332
2530,32,2021-04-22,leicester,west_brom,0,draw,0.023866942275302398,4.2,0.293860821376029,0.09303365921150031,0.10052953639471332
2530,32,2021-04-22,leicester,west_brom,0,away,0.023866942275302398,6.22,0.23391524053120336,0.09598045901749798,0.10052953639471332
2531,33,2021-04-23,arsenal,everton,0,home,0.02259209862302636,2.08,0.4671738223783192,1.8791917730815798e-17,0.16118094531417815
2531,33,2021-04-23,arsenal,everton,0,draw,0.02259209862302636,3.52,0.2792118870793115,1.4382944266131225e-17,0.16118094531417815
2531,33,2021-04-23,arsenal,everton,1,away,0.02259209862302636,3.88,0.2536142905423693,1.640538208495521e-17,0.16118094531417815
2532,33,2021-04-24,liverpool,newcastle,0,home,0.023713227388571845,1.26,0.6308677251468198,6.4915639881650165e-18,0.16118094531417815
2532,33,2021-04-24,liverpool,newcastle,1,draw,0.023713227388571845,6.53,0.22149332583085166,0.07949075235688718,0.16118094531417815
2532,33,2021-04-24,liverpool,newcastle,0,away,0.023713227388571845,13.0,0.14763894902232866,0.07377623112114823,0.16118094531417815
2533,33,2021-04-24,west_ham,chelsea,0,home,0.019529711571875552,5.0,0.2642115234276189,0.06925655562159415,0.16118094531417815
2533,33,2021-04-24,west_ham,chelsea,0,draw,0.019529711571875552,3.88,0.2701230783762343,0.033213125455003,0.16118094531417815
2533,33,2021-04-24,west_ham,chelsea,1,away,0.019529711571875552,1.78,0.4656653981961467,1.976953422654829e-17,0.16118094531417815
2534,33,2021-04-24,sheffield_united,brighton,1,home,0.024413550623723967,5.54,0.2745288901567518,0.11314460115619744,0.16118094531417815
2534,33,2021-04-24,sheffield_united,brighton,0,draw,0.024413550623723967,3.67,0.3139014273460846,0.08269749057610072,0.16118094531417815
2534,33,2021-04-24,sheffield_united,brighton,0,away,0.024413550623723967,1.75,0.4115696824971635,1.1152865181066846e-17,0.16118094531417815
2535,33,2021-04-25,wolves,burnley,0,home,0.01581576026637066,2.12,0.4241366975806836,7.811669983415752e-18,0.16118094531417815
2535,33,2021-04-25,wolves,burnley,0,draw,0.01581576026637066,3.4,0.333818128065604,0.04140328723821481,0.16118094531417815
2535,33,2021-04-25,wolves,burnley,1,away,0.01581576026637066,4.0,0.2420451743537124,0.005907058605718266,0.16118094531417815
2536,33,2021-04-25,leeds,man_united,0,home,0.02435147900415036,4.17,0.2460333346759628,0.005340384440930062,0.16118094531417815
2536,33,2021-04-25,leeds,man_united,1,draw,0.02435147900415036,4.2,0.2334417877839967,1.0185824370413757e-18,0.16118094531417815
2536,33,2021-04-25,leeds,man_united,0,away,0.02435147900415036,1.83,0.5205248775400406,5.145178772607869e-18,0.16118094531417815
2537,33,2021-04-25,aston_villa,west_brom,0,home,0.01674641148325362,1.9,0.4618052060364569,2.719912515714684e-18,0.16118094531417815
2537,33,2021-04-25,aston_villa,west_brom,1,draw,0.01674641148325362,3.8,0.27990746259982596,0.027399567052599196,0.16118094531417815
2537,33,2021-04-25,aston_villa,west_brom,0,away,0.01674641148325362,4.4,0.2582873313637172,0.035867747198446646,0.16118094531417815
2538,33,2021-04-26,leicester,crystal_palace,1,home,0.020595461771932392,1.48,0.5188367488055486,4.0176176075205196e-18,0.16118094531417815
2538,33,2021-04-26,leicester,crystal_palace,0,draw,0.020595461771932392,4.4,0.2845467851586658,0.08199411344055019,0.16118094531417815
2538,33,2021-04-26,leicester,crystal_palace,0,away,0.020595461771932392,8.5,0.1966164660357855,0.08672333424907018,0.16118094531417815
2539,33,2021-04-30,southampton,leicester,0,home,0.005102040816326482,4.0,0.2468903927752785,0.00860089873924239,0.16118094531417815
2539,33,2021-04-30,southampton,leicester,1,draw,0.005102040816326482,3.92,0.2912634578218061,0.036705346576173185,0.16118094531417815
2539,33,2021-04-30,southampton,leicester,0,away,0.005102040816326482,2.0,0.4618461494029154,1.747629926385429e-18,0.16118094531417815
2540,33,2021-05-01,crystal_palace,man_city,0,home,0.022126022126021997,11.0,0.1358558529979138,0.04211123649054299,0.16118094531417815
2540,33,2021-05-01,crystal_palace,man_city,0,draw,0.022126022126021997,5.25,0.2139020671762323,0.029443070023258362,0.16118094531417815
2540,33,2021-05-01,crystal_palace,man_city,1,away,0.022126022126021997,1.35,0.6502420798258538,3.436527292299091e-18,0.16118094531417815
2541,34,2021-05-01,brighton,leeds,1,home,0.023197789363333943,2.19,0.3554397621297033,1.8371028876736076e-17,0.11595730890731822
2541,34,2021-05-01,brighton,leeds,0,draw,0.023197789363333943,3.52,0.3057065720927435,0.053970835616000384,0.11595730890731822
2541,34,2021-05-01,brighton,leeds,0,away,0.023197789363333943,3.54,0.3388536657775532,0.08355613269649971,0.11595730890731822
2542,34,2021-05-01,chelsea,fulham,1,home,0.018939393939394037,1.5,0.5941483913011679,3.037088387214416e-17,0.11595730890731822
2542,34,2021-05-01,chelsea,fulham,0,draw,0.018939393939394037,4.4,0.2479640775884987,0.029145915619218175,0.11595730890731822
2542,34,2021-05-01,chelsea,fulham,0,away,0.018939393939394037,8.0,0.15788753111033332,0.03439455690033827,0.11595730890731822
2543,34,2021-05-01,everton,aston_villa,0,home,-0.008542704194878016,2.07,0.3885667824627248,0.08714513702532586,0.11595730890731822
2543,34,2021-05-01,everton,aston_villa,0,draw,-0.008542704194878016,3.7,0.3194939773446725,0.13340178143318107,0.11595730890731822
2543,34,2021-05-01,everton,aston_villa,1,away,-0.008542704194878016,4.2,0.2919392401926028,0.12680705758475833,0.11595730890731822
2544,34,2021-05-02,newcastle,arsenal,0,home,0.020634920634920558,3.75,0.27284099740475737,0.004087095881012953,0.11595730890731822
2544,34,2021-05-02,newcastle,arsenal,0,draw,0.020634920634920558,3.6,0.2750643100765077,3.191284270971933e-18,0.11595730890731822
2544,34,2021-05-02,newcastle,arsenal,1,away,0.020634920634920558,2.1,0.4520946925187348,0.0,0.11595730890731822
2545,34,2021-05-02,tottenham,sheffield_united,1,home,0.009819967266775588,1.3,0.7442390750665103,2.295526790885634e-18,0.11595730890731822
2545,34,2021-05-02,tottenham,sheffield_united,0,draw,0.009819967266775588,6.11,0.18019119265012576,0.014319081158365691,0.11595730890731822
2545,34,2021-05-02,tottenham,sheffield_united,0,away,0.009819967266775588,13.0,0.07556973228336382,2.3237007921044465e-18,0.11595730890731822
2546,34,2021-05-03,west_brom,wolves,0,home,0.018384131591678617,3.0,0.3484345797768071,0.014274410727963736,0.11595730890731822
2546,34,2021-05-03,west_brom,wolves,1,draw,0.018384131591678617,3.25,0.2862554389257422,2.041698211666175e-17,0.11595730890731822
2546,34,2021-05-03,west_brom,wolves,0,away,0.018384131591678617,2.65,0.3653099812974507,0.0,0.11595730890731822
2547,34,2021-05-03,burnley,west_ham,0,home,0.018488806884779718,3.21,0.2609438515928463,0.0,0.11595730890731822
2547,34,2021-05-03,burnley,west_ham,0,draw,0.018488806884779718,3.6,0.3198759592772273,0.051800829185752545,0.11595730890731822
2547,34,2021-05-03,burnley,west_ham,1,away,0.018488806884779718,2.33,0.4191801891299264,0.01919548308957695,0.11595730890731822
2548,34,2021-05-07,leicester,newcastle,0,home,0.015343535788298944,1.44,0.5136543865896407,3.940040902963194e-18,0.11595730890731822
2548,34,2021-05-07,leicester,newcastle,0,draw,0.015343535788298944,4.92,0.2717176597719957,0.10611258757251345,0.11595730890731822
2548,34,2021-05-07,leicester,newcastle,1,away,0.015343535788298944,8.5,0.2146279536383636,0.11695537861242739,0.11595730890731822
2549,34,2021-05-08,leeds,tottenham,1,home,0.02274602601863429,3.56,0.3230222935841005,0.05265864245929491,0.11595730890731822
2549,34,2021-05-08,leeds,tottenham,0,draw,0.02274602601863429,3.9,0.2614427263944882,0.02060609280010032,0.11595730890731822
2549,34,2021-05-08,leeds,tottenham,0,away,0.02274602601863429,2.06,0.4155349800214114,9.04215031035495e-18,0.11595730890731822
2550,34,2021-05-08,sheffield_united,crystal_palace,0,home,0.01694603170706266,3.02,0.3769197041573215,0.05156898163767018,0.11595730890731822
2550,34,2021-05-08,sheffield_united,crystal_palace,0,draw,0.01694603170706266,3.32,0.26904553494368616,3.4893595315023604e-18,0.11595730890731822
2550,34,2021-05-08,sheffield_united,crystal_palace,1,away,0.01694603170706266,2.6,0.35403476089899244,6.8990687448084756e-18,0.11595730890731822
2551,35,2021-05-08,man_city,chelsea,0,home,0.02178338093831056,1.95,0.5690632724797468,0.05210872539883015,0.17598144613289154
2551,35,2021-05-08,man_city,chelsea,0,draw,0.02178338093831056,3.55,0.2371699375601916,7.145737444936088e-18,0.17598144613289154
2551,35,2021-05-08,man_city,chelsea,1,away,0.02178338093831056,4.4,0.1937667899600615,2.4986665034254765e-18,0.17598144613289154
2552,35,2021-05-08,liverpool,southampton,1,home,0.014114991093989282,1.3,0.6161587382308054,0.0,0.17598144613289154
2552,35,2021-05-08,liverpool,southampton,0,draw,0.014114991093989282,6.19,0.2333298629857577,0.07810819232280429,0.17598144613289154
2552,35,2021-05-08,liverpool,southampton,0,away,0.014114991093989282,12.0,0.15051139878343692,0.0684752377897041,0.17598144613289154
2553,35,2021-05-09,wolves,brighton,1,home,0.00951423545040031,3.5,0.2718405045779962,0.0006269599814215225,0.17598144613289154
2553,35,2021-05-09,wolves,brighton,0,draw,0.00951423545040031,3.46,0.3285102008623949,0.027967738749960686,0.17598144613289154
2553,35,2021-05-09,wolves,brighton,0,away,0.00951423545040031,2.3,0.39964929455960896,2.5895786382355556e-18,0.17598144613289154
2554,35,2021-05-09,aston_villa,man_united,0,home,0.0143421012986229,4.6,0.25561804119856363,0.027276354770109323,0.17598144613289154
2554,35,2021-05-09,aston_villa,man_united,0,draw,0.0143421012986229,3.9,0.2490971506150476,0.0017340696609538658,0.17598144613289154
2554,35,2021-05-09,aston_villa,man_united,1,away,0.0143421012986229,1.85,0.4952848081863888,0.0,0.17598144613289154
2555,35,2021-05-09,west_ham,everton,0,home,0.01819035628250432,2.3,0.3911600891909551,5.505032712371954e-18,0.17598144613289154
2555,35,2021-05-09,west_ham,everton,0,draw,0.01819035628250432,3.51,0.29865521083554,0.00947887006343193,0.17598144613289154
2555,35,2021-05-09,west_ham,everton,1,away,0.01819035628250432,3.35,0.310184699973505,0.008611152720459498,0.17598144613289154
2556,35,2021-05-09,arsenal,west_brom,1,home,0.024617013658766892,1.47,0.5560851128729107,3.6719367676507595e-18,0.17598144613289154
2556,35,2021-05-09,arsenal,west_brom,0,draw,0.024617013658766892,4.7,0.2662631889790112,0.05514037970856762,0.17598144613289154
2556,35,2021-05-09,arsenal,west_brom,0,away,0.024617013658766892,7.6,0.17765169814807813,0.045104346279167505,0.17598144613289154
2557,35,2021-05-10,fulham,burnley,0,home,0.016040995267543545,2.25,0.3221149021322259,0.0,0.17598144613289154
2557,35,2021-05-10,fulham,burnley,0,draw,0.016040995267543545,3.56,0.31375594597974393,0.055691004098001845,0.17598144613289154
2557,35,2021-05-10,fulham,burnley,1,away,0.016040995267543545,3.44,0.3641291518880301,0.08937978742822847,0.17598144613289154
2558,35,2021-05-11,man_united,leicester,0,home,0.0118313802524328,2.59,0.5414748092289884,0.19262693723632301,0.17598144613289154
2558,35,2021-05-11,man_united,leicester,0,draw,0.0118313802524328,3.42,0.2279004073758435,0.004375378608720376,0.17598144613289154
2558,35,2021-05-11,man_united,leicester,1,away,0.0118313802524328,3.0,0.2306247833951683,9.808360892216156e-18,0.17598144613289154
2559,35,2021-05-11,southampton,crystal_palace,1,home,0.00575554847616,2.15,0.3377193480458042,2.894352209495052e-18,0.17598144613289154
2559,35,2021-05-11,southampton,crystal_palace,0,draw,0.00575554847616,3.65,0.3112644089336133,0.06460307801860363,0.17598144613289154
2559,35,2021-05-11,southampton,crystal_palace,0,away,0.00575554847616,3.75,0.35101624302058243,0.10308330887273104,0.17598144613289154
2560,35,2021-05-12,chelsea,arsenal,0,home,0.011904761904761862,1.75,0.4623662710812466,1.1549391301363673e-17,0.17598144613289154
2560,35,2021-05-12,chelsea,arsenal,0,draw,0.011904761904761862,4.0,0.2944049900998226,0.05124526082738092,0.17598144613289154
2560,35,2021-05-12,chelsea,arsenal,1,away,0.011904761904761862,5.25,0.2432287388189308,0.05446983125754013,0.17598144613289154
2561,36,2021-05-13,aston_villa,everton,0,home,0.017682705358337714,2.82,0.3591922684986379,0.017416556503578626,0.1965244424312203
2561,36,2021-05-13,aston_villa,everton,1,draw,0.017682705358337714,3.5,0.3069528229896273,0.025425642724486802,0.1965244424312203
2561,36,2021-05-13,aston_villa,everton,0,away,0.017682705358337714,2.65,0.3338549085117349,0.0,0.1965244424312203
2562,36,2021-05-13,man_united,liverpool,0,home,0.03159571909571923,3.2,0.4558443355016405,0.2113860377168511,0.1965244424312203
2562,36,2021-05-13,man_united,liverpool,0,draw,0.03159571909571923,3.78,0.2847601058123445,0.09147727434311775,0.1965244424312203
2562,36,2021-05-13,man_united,liverpool,1,away,0.03159571909571923,2.2,0.259395558686015,0.0,0.1965244424312203
2563,36,2021-05-14,newcastle,man_city,0,home,0.009290467548180636,11.02,0.13744740920038187,0.04142217462767439,0.1965244424312203
2563,36,2021-05-14,newcastle,man_city,0,draw,0.009290467548180636,6.0,0.1859092116870213,0.022672586144186338,0.1965244424312203
2563,36,2021-05-14,newcastle,man_city,1,away,0.009290467548180636,1.33,0.6766433791125969,0.0,0.1965244424312203
2564,36,2021-05-15,burnley,leeds,0,home,0.023611111111111027,3.2,0.2842809140680923,0.0,0.1965244424312203
2564,36,2021-05-15,burnley,leeds,0,draw,0.023611111111111027,3.75,0.3208348065805537,0.05018148913107635,0.1965244424312203
2564,36,2021-05-15,burnley,leeds,1,away,0.023611111111111027,2.25,0.3948842793513541,0.0,0.1965244424312203
2565,36,2021-05-15,southampton,fulham,1,home,0.02846807161005893,2.02,0.4229627992241463,7.405159494906117e-18,0.1965244424312203
2565,36,2021-05-15,southampton,fulham,0,draw,0.02846807161005893,3.61,0.2967535549971937,0.02801426442916822,0.1965244424312203
2565,36,2021-05-15,southampton,fulham,0,away,0.02846807161005893,3.9,0.28028364577865994,0.029780118378333963,0.1965244424312203
2566,36,2021-05-15,brighton,west_ham,0,home,0.0170250896057349,3.1,0.3103973780878685,2.294546442820476e-17,0.1965244424312203
2566,36,2021-05-15,brighton,west_ham,1,draw,0.0170250896057349,3.6,0.3001412312738063,0.019411973036998233,0.1965244424312203
2566,36,2021-05-15,brighton,west_ham,0,away,0.0170250896057349,2.4,0.38946139063832497,0.0,0.1965244424312203
2567,36,2021-05-16,crystal_palace,aston_villa,1,home,0.016417182584286483,3.14,0.2914563689135193,0.0,0.1965244424312203
2567,36,2021-05-16,crystal_palace,aston_villa,0,draw,0.016417182584286483,3.6,0.33211530128179106,0.05089518999381297,0.1965244424312203
2567,36,2021-05-16,crystal_palace,aston_villa,0,away,0.016417182584286483,2.38,0.3764283298046897,4.1925099817269036e-20,0.1965244424312203
2568,36,2021-05-16,tottenham,wolves,1,home,0.022144522144522227,1.56,0.5812096801844898,0.0,0.1965244424312203
2568,36,2021-05-16,tottenham,wolves,0,draw,0.022144522144522227,4.4,0.25959880979876365,0.030006657827143728,0.1965244424312203
2568,36,2021-05-16,tottenham,wolves,0,away,0.022144522144522227,6.5,0.15919151001674658,0.008935012515835892,0.1965244424312203
2569,36,2021-05-16,west_brom,liverpool,0,home,0.015975422427035424,15.0,0.18088893487670546,0.11951178984009073,0.1965244424312203
2569,36,2021-05-16,west_brom,liverpool,0,draw,0.015975422427035424,7.0,0.2105893971564759,0.0855055922433194,0.1965244424312203
2569,36,2021-05-16,west_brom,liverpool,1,away,0.015975422427035424,1.24,0.6085216679668185,1.2247281737331375e-17,0.1965244424312203
2570,36,2021-05-16,everton,sheffield_united,0,home,0.02947845804988658,1.4,0.6159829164684472,1.7577117101662783e-17,0.1965244424312203
2570,36,2021-05-16,everton,sheffield_united,0,draw,0.02947845804988658,4.9,0.2414751244584554,0.03924366831602177,0.1965244424312203
2570,36,2021-05-16,everton,sheffield_united,1,away,0.02947845804988658,9.0,0.1425419590730976,0.0299596912240201,0.1965244424312203
2571,37,2021-05-18,man_united,fulham,0,home,0.023809523809523725,1.33,0.6618289222172085,1.318769114451581e-17,0.2562525843274349
2571,37,2021-05-18,man_united,fulham,1,draw,0.023809523809523725,6.0,0.22007370983928345,0.04130081096179101,0.2562525843274349
2571,37,2021-05-18,man_united,fulham,0,away,0.023809523809523725,9.5,0.11809736794350825,0.011858727425124142,0.2562525843274349
2572,37,2021-05-18,southampton,leeds,0,home,0.00992238923273403,2.7,0.3324239632606623,0.0,0.2562525843274349
2572,37,2021-05-18,southampton,leeds,0,draw,0.00992238923273403,3.9,0.3042788008240315,0.036526163993406184,0.2562525843274349
2572,37,2021-05-18,southampton,leeds,1,away,0.00992238923273403,2.61,0.3632972359153062,0.00407816076529206,0.2562525843274349
2573,37,2021-05-18,brighton,man_city,1,home,0.020750551876379756,7.5,0.1497242124548013,0.014024598545348422,0.2562525843274349
2573,37,2021-05-18,brighton,man_city,0,draw,0.020750551876379756,4.53,0.18019074460837148,5.105445414290627e-17,0.2562525843274349
2573,37,2021-05-18,brighton,man_city,0,away,0.020750551876379756,1.5,0.6700850429368272,0.02808930519327348,0.2562525843274349
2574,37,2021-05-18,chelsea,leicester,1,home,0.02319749216300937,1.74,0.5323657142823364,0.0,0.2562525843274349
2574,37,2021-05-18,chelsea,leicester,0,draw,0.02319749216300937,3.75,0.23817367553666716,0.0,0.2562525843274349
2574,37,2021-05-18,chelsea,leicester,0,away,0.02319749216300937,5.5,0.2294606101809965,0.03385521713198799,0.2562525843274349
2575,37,2021-05-19,everton,wolves,1,home,0.018808281966176562,1.9,0.4372045722646241,0.0,0.2562525843274349
2575,37,2021-05-19,everton,wolves,0,draw,0.018808281966176562,3.7,0.30748967051299664,0.03840275843476229,0.2562525843274349
2575,37,2021-05-19,everton,wolves,0,away,0.018808281966176562,4.5,0.2553057572223794,0.0331461575657047,0.2562525843274349
2576,37,2021-05-19,newcastle,sheffield_united,1,home,0.03729538391315868,1.75,0.4926902371810573,0.0,0.2562525843274349
2576,37,2021-05-19,newcastle,sheffield_united,0,draw,0.03729538391315868,3.87,0.267498710499431,0.013307067967950474,0.2562525843274349
2576,37,2021-05-19,newcastle,sheffield_united,0,away,0.03729538391315868,4.82,0.23981105231951155,0.025096453704772176,0.2562525843274349
2577,37,2021-05-19,tottenham,aston_villa,0,home,0.025660921887336933,1.54,0.621549628693966,0.0,0.2562525843274349
2577,37,2021-05-19,tottenham,aston_villa,0,draw,0.025660921887336933,4.77,0.2343736126153529,0.015934530975728,0.2562525843274349
2577,37,2021-05-19,tottenham,aston_villa,1,away,0.025660921887336933,6.0,0.14407675869068104,0.0,0.2562525843274349
2578,37,2021-05-19,crystal_palace,arsenal,0,home,0.02122966639095658,6.5,0.27117111315265285,0.12361262314118993,0.2562525843274349
2578,37,2021-05-19,crystal_palace,arsenal,0,draw,0.02122966639095658,4.5,0.2879630213587161,0.08964382244821008,0.2562525843274349
2578,37,2021-05-19,crystal_palace,arsenal,1,away,0.02122966639095658,1.55,0.4408658654886311,2.6580353020578735e-18,0.2562525843274349
2579,37,2021-05-19,burnley,liverpool,0,home,0.023464458247066892,11.5,0.20471124385857573,0.12542483357101405,0.2562525843274349
2579,37,2021-05-19,burnley,liverpool,0,draw,0.023464458247066892,7.0,0.2529081194124918,0.126500269623836,0.2562525843274349
2579,37,2021-05-19,burnley,liverpool,1,away,0.023464458247066892,1.26,0.5423806367289323,5.3711101676521836e-18,0.2562525843274349
2580,37,2021-05-19,west_brom,west_ham,0,home,0.026261996550609457,5.5,0.2740288229822065,0.09874376753313825,0.2562525843274349
2580,37,2021-05-19,west_brom,west_ham,0,draw,0.026261996550609457,4.33,0.30022013585410273,0.08661765236204048,0.2562525843274349
2580,37,2021-05-19,west_brom,west_ham,1,away,0.026261996550609457,1.63,0.42575104116369067,0.0,0.2562525843274349
2581,38,2021-05-23,arsenal,brighton,1,home,0.019530360970290598,1.63,0.4771835549538464,7.229726131774189e-18,0.2647998490901909
2581,38,2021-05-23,arsenal,brighton,0,draw,0.019530360970290598,4.46,0.2818349413142821,0.04894046546802305,0.2647998490901909
2581,38,2021-05-23,arsenal,brighton,0,away,0.019530360970290598,5.5,0.2409815037318716,0.04911825405486338,0.2647998490901909
2582,38,2021-05-23,aston_villa,chelsea,1,home,0.021091519868571496,7.0,0.2369430458096844,0.08450728951948945,0.2647998490901909
2582,38,2021-05-23,aston_villa,chelsea,0,draw,0.021091519868571496,4.63,0.2632377491455599,0.04875715128090616,0.2647998490901909
2582,38,2021-05-23,aston_villa,chelsea,0,away,0.021091519868571496,1.51,0.4998192050447557,0.0,0.2647998490901909
2583,38,2021-05-23,fulham,newcastle,0,home,0.012178517633561592,2.15,0.3311449303367401,0.0,0.2647998490901909
2583,38,2021-05-23,fulham,newcastle,0,draw,0.012178517633561592,3.94,0.3141890496745155,0.05728747678158498,0.2647998490901909
2583,38,2021-05-23,fulham,newcastle,1,away,0.012178517633561592,3.41,0.3546660199887444,0.060156628421690804,0.2647998490901909
2584,38,2021-05-23,leeds,west_brom,1,home,0.02298850574712641,1.45,0.4689216311924278,1.9261681595561127e-17,0.2647998490901909
2584,38,2021-05-23,leeds,west_brom,0,draw,0.02298850574712641,5.25,0.2899806373408035,0.10930290344043153,0.2647998490901909
2584,38,2021-05-23,leeds,west_brom,0,away,0.02298850574712641,7.0,0.24109773146676874,0.10321624844777881,0.2647998490901909
2585,38,2021-05-23,leicester,tottenham,0,home,0.009814663405042669,2.06,0.3807799213936004,0.0,0.2647998490901909
2585,38,2021-05-23,leicester,tottenham,0,draw,0.009814663405042669,4.19,0.2763716220978885,0.029700471003956994,0.2647998490901909
2585,38,2021-05-23,leicester,tottenham,1,away,0.009814663405042669,3.5,0.3428484565085111,0.04350000112611888,0.2647998490901909
2586,38,2021-05-23,liverpool,crystal_palace,1,home,0.023833544767232432,1.17,0.6664845941356089,0.0,0.2647998490901909
2586,38,2021-05-23,liverpool,crystal_palace,0,draw,0.023833544767232432,8.73,0.20639985183922427,0.08777635592343976,0.2647998490901909
2586,38,2021-05-23,liverpool,crystal_palace,0,away,0.023833544767232432,18.32,0.12711555402516686,0.06902760052399837,0.2647998490901909
2587,38,2021-05-23,man_city,everton,1,home,0.014857310028832059,1.47,0.7408736653938857,0.03178291042247155,0.2647998490901909
2587,38,2021-05-23,man_city,everton,0,draw,0.014857310028832059,5.09,0.15613274824533355,5.292577183900314e-18,0.2647998490901909
2587,38,2021-05-23,man_city,everton,0,away,0.014857310028832059,7.24,0.10299358636078068,0.0,0.2647998490901909
2588,38,2021-05-23,sheffield_united,burnley,1,home,0.022765166672729542,2.88,0.34466165529901804,0.0007895767353799444,0.2647998490901909
2588,38,2021-05-23,sheffield_united,burnley,0,draw,0.022765166672729542,3.74,0.2927588781797042,0.0069995981590911145,0.2647998490901909
2588,38,2021-05-23,sheffield_united,burnley,0,away,0.022765166672729542,2.45,0.36257946652127776,0.0,0.2647998490901909
2589,38,2021-05-23,west_ham,southampton,1,home,0.017422239760205294,1.74,0.4139648902433787,1.0909119676322823e-17,0.2647998490901909
2589,38,2021-05-23,west_ham,southampton,0,draw,0.017422239760205294,4.1,0.3081820197231792,0.06559540839856573,0.2647998490901909
2589,38,2021-05-23,west_ham,southampton,0,away,0.017422239760205294,5.03,0.277853090033442,0.07460733720537953,0.2647998490901909
2590,38,2021-05-23,wolves,man_united,0,home,0.014287014287014175,2.59,0.3154608279059469,1.8271288670137082e-17,0.2647998490901909
2590,38,2021-05-23,wolves,man_united,0,draw,0.014287014287014175,3.78,0.2843367104900418,0.009197654499236098,0.2647998490901909
2590,38,2021-05-23,wolves,man_united,1,away,0.014287014287014175,2.75,0.4002024616040112,0.016926004038313226,0.2647998490901909
