id_game,matchweek,results,results_categoric,odds,probas,bets,log_growth
2381,18,0,home,1.63,0.5209667667094882,,
2381,18,0,draw,3.7,0.29857002972397784,,
2381,18,1,away,7.07,0.18046320356653395,0.03592757437305675,0.147167857490828
2382,18,0,home,2.18,0.389528062835392,,
2382,18,0,draw,3.67,0.29022973729320983,,
2382,18,1,away,3.43,0.32024219987139824,0.03040564445892735,0.147167857490828
2383,18,1,home,1.85,0.4402831738663473,,
2383,18,0,draw,3.6,0.3190486809052505,,
2383,18,0,away,4.88,0.24066814522840216,0.03460174306897737,0.147167857490828
2384,18,0,home,6.81,0.21900362360973571,0.07042187526712135,0.147167857490828
2384,18,0,draw,4.33,0.2469420797326301,,
2384,18,1,away,1.56,0.534054296657634,,
2385,18,1,home,1.8,0.4226185490096197,,
2385,18,0,draw,3.75,0.2853556597650457,,
2385,18,0,away,4.8,0.2920257912253345,0.08699714105370815,0.147167857490828
2386,18,0,home,6.5,0.14382438783343202,,
2386,18,0,draw,3.8,0.222006451416082,,
2386,18,1,away,1.68,0.6341691607504859,0.0707328581806273,0.147167857490828
2387,18,0,home,2.0,0.6124397672824716,0.18030188663424185,0.147167857490828
2387,18,1,draw,4.0,0.22215667397626385,,
2387,18,0,away,3.71,0.1654035587412645,,
2388,18,1,home,1.18,0.6849484289574119,,
2388,18,0,draw,8.5,0.18611843995194524,,
2388,18,0,away,19.0,0.12893313109064286,0.07347753005585354,0.147167857490828
2389,18,1,home,1.45,0.5177298608000751,,
2389,18,0,draw,4.73,0.2651068648022565,,
2389,18,0,away,8.0,0.21716327439766828,0.09149894785758343,0.147167857490828
2390,18,1,home,1.6,0.5066028067243387,,
2390,18,0,draw,4.23,0.2926768456259609,,
2390,18,0,away,6.5,0.20072034764970054,0.04415242037562937,0.147167857490828
2391,19,1,home,3.0,0.2302679296963569,,
2391,19,0,draw,3.49,0.26781483827708985,,
2391,19,0,away,2.55,0.5019172320265531,0.14691371779351486,0.14777128426701489
2392,19,1,home,1.27,0.639849563509139,,
2392,19,0,draw,6.5,0.1877769540345536,,
2392,19,0,away,12.0,0.1723734824563074,0.08684713556581837,0.14777128426701489
2393,19,0,home,6.5,0.15066339310578333,,
2393,19,0,draw,4.41,0.21991021903864347,,
2393,19,1,away,1.56,0.6294263878555733,9.020741792060185e-18,0.14777128426701489
2394,19,0,home,1.21,0.7540293952862758,,
2394,19,0,draw,7.5,0.17678645194722398,0.04022377100616468,0.14777128426701489
2394,19,1,away,17.0,0.06918415276650021,,
2395,19,1,home,1.52,0.42751438184235785,,
2395,19,0,draw,4.75,0.3022651880042027,,
2395,19,0,away,6.5,0.27022043015343955,0.12104874118238207,0.14777128426701489
2396,19,0,home,3.21,0.2917095698511505,,
2396,19,0,draw,3.32,0.315692935687972,0.015513526182437018,0.14777128426701489
2396,19,1,away,2.44,0.3925974944608775,,
2397,19,0,home,3.92,0.3565817345578488,0.11304538035327587,0.14777128426701489
2397,19,0,draw,3.89,0.2794132565563917,,
2397,19,1,away,1.95,0.3640050088857596,,
2398,19,0,home,3.59,0.3028069199786101,0.025416854998867474,0.14777128426701489
2398,19,0,draw,3.69,0.2845055832400697,,
2398,19,1,away,2.11,0.4126874967813201,,
2399,19,0,home,18.0,0.09810322855309372,0.03843869602203853,0.14777128426701489
2399,19,0,draw,7.5,0.18010829905860706,,
2399,19,1,away,1.22,0.7217884723882992,,
2400,19,1,home,4.01,0.17727327310002494,,
2400,19,0,draw,3.65,0.2859257271125057,,
2400,19,0,away,2.0,0.5368009997874695,0.05518677353021991,0.14777128426701489
2401,20,0,home,1.63,0.5092730659524078,,
2401,20,1,draw,4.26,0.27374690967007337,,
2401,20,0,away,6.0,0.2169800243775188,0.0439875758888237,0.18467615353006467
2402,20,0,home,2.1,0.4300183385412287,,
2402,20,1,draw,3.47,0.3178951372341332,0.02815279263138271,0.18467615353006467
2402,20,0,away,3.96,0.25208652422463823,,
2403,20,0,home,2.92,0.34562224204110736,0.003127927308572105,0.18467615353006467
2403,20,1,draw,3.3,0.29108612861076544,,
2403,20,0,away,2.68,0.3632916293481273,,
2404,20,0,home,1.3,0.7065284961278544,,
2404,20,0,draw,6.21,0.18993772342457246,,
2404,20,1,away,12.0,0.10353378044757316,0.0156864333134815,0.18467615353006467
2405,20,0,home,3.33,0.5099015086571087,0.2629455838338263,0.18467615353006467
2405,20,0,draw,3.7,0.2757691961151425,,
2405,20,1,away,2.25,0.2143292952277488,,
2406,20,0,home,1.61,0.4995799146085848,,
2406,20,0,draw,4.03,0.2765277579662481,,
2406,20,1,away,6.5,0.22389232742516707,0.06330104346323961,0.18467615353006467
2407,20,1,home,3.05,0.3606074812288487,0.03277321340471401,0.18467615353006467
2407,20,0,draw,3.2,0.3099196033007359,,
2407,20,0,away,2.65,0.3294729154704154,,
2408,20,1,home,1.14,0.7566730954065193,,
2408,20,0,draw,9.43,0.1689753179799605,,
2408,20,0,away,26.18,0.07435158661352023,0.030895989533133866,0.18467615353006467
2409,20,0,home,3.43,0.4490886791258295,0.18165022443436452,0.18467615353006467
2409,20,1,draw,3.26,0.2293761328409742,,
2409,20,0,away,2.36,0.3215351880331963,,
2410,20,0,home,2.93,0.4007391785387687,0.06277728078391012,0.18467615353006467
2410,20,1,draw,3.5,0.2775249277040621,,
2410,20,0,away,2.55,0.3217358937571692,,
2411,21,0,home,2.9,0.22404923494540435,,
2411,21,0,draw,3.73,0.2978427712408695,,
2411,21,1,away,2.44,0.4781079938137263,0.0939920122359098,0.12971306603746036
2412,21,1,home,1.36,0.5835379122810497,,
2412,21,0,draw,5.25,0.2610588296488369,,
2412,21,0,away,10.02,0.15540325807011346,0.05318290525371382,0.12971306603746036
2413,21,0,home,1.85,0.5048748693800303,,
2413,21,0,draw,4.18,0.2724840403785743,0.03511423913159311,0.12971306603746036
2413,21,1,away,4.27,0.22264109024139545,,
2414,21,0,home,4.65,0.3777921420684277,0.19218528616290978,0.12971306603746036
2414,21,0,draw,4.1,0.2576254192954107,,
2414,21,1,away,1.8,0.3645824386361615,,
2415,21,1,home,3.2,0.3026473089846434,,
2415,21,0,draw,3.46,0.21991821857029684,,
2415,21,0,away,2.39,0.4774344724450598,0.0817761662341907,0.12971306603746036
2416,21,1,home,2.11,0.4838215356092841,0.014714159911843603,0.12971306603746036
2416,21,0,draw,3.33,0.2874857964404467,,
2416,21,0,away,4.2,0.2286926679502693,,
2417,21,1,home,3.71,0.2740034362903873,,
2417,21,0,draw,3.36,0.3057627930366222,0.009101013649441733,0.12971306603746036
2417,21,0,away,2.2,0.4202337706729905,,
2418,21,1,home,1.46,0.6237365039703188,,
2418,21,0,draw,4.81,0.2099678386581602,,
2418,21,0,away,8.0,0.1662956573715209,0.03928844647149176,0.12971306603746036
2419,21,0,home,3.01,0.3336571291862058,0.00167654590376849,0.12971306603746036
2419,21,0,draw,3.2,0.29678960313164066,,
2419,21,1,away,2.68,0.3695532676821535,,
2420,21,0,home,15.0,0.13303292283349055,0.06389282332647815,0.12971306603746036
2420,21,0,draw,7.0,0.20521397879712855,,
2420,21,1,away,1.23,0.6617530983693809,,
2421,22,0,home,4.12,0.20027740456170226,,
2421,22,0,draw,3.56,0.2892145472178878,0.00973306634261317,0.0865825551576135
2421,22,1,away,2.0,0.51050804822041,,
2422,22,0,home,2.51,0.29853846327392153,,
2422,22,0,draw,3.75,0.2837585041864505,,
2422,22,1,away,2.82,0.4177030325396281,0.08487905453513447,0.0865825551576135
2423,22,0,home,2.23,0.3397273816593568,,
2423,22,0,draw,3.5,0.2764950428221721,,
2423,22,1,away,3.46,0.3837775755184712,0.11979718553783797,0.0865825551576135
2424,22,0,home,1.37,0.6754533741083729,,
2424,22,0,draw,5.5,0.20893187219727807,0.028463147561898102,0.0865825551576135
2424,22,1,away,9.0,0.11561475369434886,,
2425,22,0,home,3.6,0.4309014292535697,0.20180811862819556,0.0865825551576135
2425,22,0,draw,3.52,0.2815392975692865,,
2425,22,1,away,2.18,0.2875592731771436,,
2426,22,1,home,2.84,0.3326646924323025,,
2426,22,0,draw,3.6,0.2730239541112834,,
2426,22,0,away,2.6,0.3943113534564142,0.013243737343123247,0.0865825551576135
2427,22,0,home,3.74,0.2901883182023845,0.026441877337791905,0.0865825551576135
2427,22,1,draw,3.21,0.3141997349162461,,
2427,22,0,away,2.26,0.3956119468813694,,
2428,22,1,home,3.06,0.3061412834045109,,
2428,22,0,draw,3.32,0.2951010325327049,,
2428,22,0,away,2.54,0.3987576840627843,0.007001823234018646,0.0865825551576135
2429,22,0,home,3.66,0.24800078540118495,,
2429,22,1,draw,3.56,0.3098832748899969,0.034346843218499706,0.0865825551576135
2429,22,0,away,2.13,0.4421159397088181,,
2430,22,0,home,1.57,0.5998223444320144,,
2430,22,1,draw,4.35,0.22016225727456712,,
2430,22,0,away,6.25,0.18001539829341853,0.020378131290703125,0.0865825551576135
2431,23,1,home,1.48,0.6912911040158677,,
2431,23,0,draw,4.6,0.22819495809122156,0.010467891371491088,0.13669577504415714
2431,23,0,away,7.81,0.08051393789291074,,
2432,23,0,home,3.63,0.2887141843302721,0.013832633391070558,0.13669577504415714
2432,23,1,draw,3.49,0.2965253012007151,,
2432,23,0,away,2.2,0.4147605144690128,,
2433,23,0,home,3.44,0.4749659681214559,0.23783206845029767,0.13669577504415714
2433,23,0,draw,3.7,0.2676257442646796,,
2433,23,1,away,2.2,0.2574082876138645,,
2434,23,0,home,7.64,0.21279620741508531,0.08108481863476294,0.13669577504415714
2434,23,0,draw,4.5,0.2614807021605243,,
2434,23,1,away,1.5,0.5257230904243902,,
2435,23,1,home,1.88,0.3870871508700611,,
2435,23,0,draw,3.93,0.2803658201534883,,
2435,23,0,away,4.24,0.3325470289764505,0.10603432334442404,0.13669577504415714
2436,23,1,home,3.6,0.3580390520403168,0.09029351712821154,0.13669577504415714
2436,23,0,draw,3.53,0.26657460576805314,,
2436,23,0,away,2.2,0.37538634219163,,
2437,23,0,home,2.54,0.3978460399216525,,
2437,23,0,draw,3.2,0.2957833358257426,,
2437,23,1,away,3.3,0.3063706242526048,0.0036015645617959308,0.13669577504415714
2438,23,1,home,1.35,0.6534259160347048,,
2438,23,0,draw,5.91,0.21052897322543432,,
2438,23,0,away,9.5,0.1360451107398609,0.027625072817936695,0.13669577504415714
2439,23,0,home,2.85,0.3018456702359068,,
2439,23,1,draw,3.51,0.30650915684062,0.023037768721530617,0.13669577504415714
2439,23,0,away,2.6,0.3916451729234733,,
2440,23,0,home,2.45,0.3673911348415612,,
2440,23,0,draw,3.28,0.31081574028432896,,
2440,23,1,away,3.25,0.3217931248741097,0.015411663905602009,0.13669577504415714
2441,24,0,home,10.0,0.10920012791210808,,
2441,24,1,draw,5.71,0.21107027203684706,0.03560335206690784,0.14624512193102818
2441,24,0,away,1.35,0.6797296000510449,,
2442,24,1,home,1.93,0.4636170411871079,,
2442,24,0,draw,3.8,0.2872223411026235,0.026144254634927075,0.14624512193102818
2442,24,0,away,4.1,0.2491606177102685,,
2443,24,0,home,1.96,0.44790329797126455,,
2443,24,0,draw,3.61,0.27770527049778704,,
2443,24,1,away,4.24,0.2743914315309484,0.04094576028837492,0.14624512193102818
2444,24,1,home,1.75,0.4885922369149563,,
2444,24,0,draw,3.82,0.3058998650018106,0.048596736242257924,0.14624512193102818
2444,24,0,away,5.26,0.2055078980832332,,
2445,24,1,home,1.29,0.5497772439860306,,
2445,24,0,draw,6.85,0.2461333394867537,,
2445,24,0,away,13.0,0.2040894165272158,0.13073665386368277,0.14624512193102818
2446,24,0,home,2.87,0.4112823316053134,0.07888967874670058,0.14624512193102818
2446,24,1,draw,3.2,0.26662709861452244,,
2446,24,0,away,2.77,0.3220905697801641,,
2447,24,0,home,9.5,0.1986176489110896,0.09345227391847308,0.14624512193102818
2447,24,0,draw,5.62,0.2108938673970868,,
2447,24,1,away,1.36,0.5904884836918236,,
2448,24,1,home,2.45,0.3277374218512792,,
2448,24,0,draw,3.42,0.3220875638578709,,
2448,24,0,away,3.2,0.3501750142908499,0.04412781592682142,0.14624512193102818
2449,24,0,home,5.11,0.2528018273847365,0.059050626632572954,0.14624512193102818
2449,24,1,draw,3.88,0.2829893290698797,,
2449,24,0,away,1.75,0.4642088435453838,,
2450,24,0,home,2.06,0.4798211051319411,,
2450,24,1,draw,3.41,0.2965977855000635,0.0037381970820043677,0.14624512193102818
2450,24,0,away,4.12,0.2235811093679955,,
2451,25,0,home,1.5,0.6578817299503963,,
2451,25,0,draw,4.64,0.2221548062842527,0.006473622778801677,0.1519679862490025
2451,25,1,away,7.0,0.11996346376535102,,
2452,25,1,home,2.25,0.4438285081482214,,
2452,25,0,draw,3.24,0.31439059095972616,0.006345911878290823,0.1519679862490025
2452,25,0,away,3.77,0.24178090089205234,,
2453,25,1,home,2.73,0.355429096246242,,
2453,25,0,draw,3.4,0.27195223441898675,,
2453,25,0,away,2.8,0.3726186693347713,0.018431779111956433,0.1519679862490025
2454,25,0,home,2.94,0.31715971595383324,,
2454,25,0,draw,3.55,0.2542026987104508,,
2454,25,1,away,2.49,0.4286375853357159,0.03471692845310871,0.1519679862490025
2455,25,0,home,6.5,0.2746222224499973,0.12629486688819586,0.1519679862490025
2455,25,0,draw,4.54,0.20840970247731225,,
2455,25,1,away,1.55,0.5169680750726904,,
2456,25,1,home,1.31,0.6345400954852546,,
2456,25,0,draw,5.85,0.2165462416589812,,
2456,25,0,away,12.0,0.14891366285576413,0.06172993219283366,0.1519679862490025
2457,25,0,home,1.75,0.3668334877219669,,
2457,25,0,draw,3.61,0.3152648518473508,,
2457,25,1,away,5.64,0.3179016604306823,0.1529930704705626,0.1519679862490025
2458,25,1,home,2.4,0.3760135696724695,,
2458,25,0,draw,3.6,0.2864832513357257,,
2458,25,0,away,3.12,0.3375031789918047,0.019185007823695033,0.1519679862490025
2459,25,1,home,1.25,0.6879493419568808,,
2459,25,0,draw,6.76,0.16850308857500235,,
2459,25,0,away,13.19,0.1435475694681169,0.06389812094878554,0.1519679862490025
2460,25,1,home,4.22,0.2841751871777377,0.04902170558038728,0.1519679862490025
2460,25,0,draw,3.53,0.3263215282159535,,
2460,25,0,away,1.99,0.3895032846063088,,
2461,26,0,home,2.3,0.2884946640715781,,
2461,26,0,draw,3.74,0.30430226763394297,,
2461,26,1,away,3.22,0.4072030682944788,0.11390537206839169,0.134347705809082
2462,26,0,home,3.56,0.3474694383554024,0.07287022304736697,0.134347705809082
2462,26,1,draw,3.2,0.30411203929503666,,
2462,26,0,away,2.36,0.3484185223495609,,
2463,26,0,home,3.62,0.42626144265237415,0.1821464150951361,0.134347705809082
2463,26,1,draw,3.24,0.260091723578914,,
2463,26,0,away,2.29,0.31364683376871194,,
2464,26,0,home,2.61,0.2728890120631097,,
2464,26,0,draw,3.4,0.2771699227205579,,
2464,26,1,away,2.92,0.4499410652163325,0.1336294818124168,0.134347705809082
2465,26,1,home,1.56,0.6311493871134009,,
2465,26,0,draw,4.1,0.2415591875931534,8.643139114463509e-18,0.134347705809082
2465,26,0,away,7.22,0.1272914252934458,,
2466,26,0,home,2.3,0.4971666245576294,0.08392278759900416,0.134347705809082
2466,26,1,draw,3.4,0.2622879452643254,,
2466,26,0,away,3.47,0.2405454301780453,,
2467,26,0,home,8.0,0.2099985902055844,0.08406715755368348,0.134347705809082
2467,26,0,draw,5.19,0.2422071476558433,,
2467,26,1,away,1.42,0.5477942621385724,,
2468,26,1,home,2.21,0.4534187961805588,,
2468,26,0,draw,3.58,0.29100849889894714,0.01188466509186594,0.134347705809082
2468,26,0,away,3.44,0.255572704920494,,
2469,26,1,home,1.25,0.7760420024730373,,
2469,26,0,draw,7.0,0.14260168532827494,,
2469,26,0,away,16.42,0.08135631219868784,0.01741161967953145,0.134347705809082
2470,26,0,home,4.1,0.24557555402267675,0.0016069897771054493,0.134347705809082
2470,26,1,draw,3.4,0.28899541398177536,,
2470,26,0,away,2.11,0.4654290319955479,,
2471,27,1,home,3.9,0.21679270763249706,,
2471,27,0,draw,3.58,0.34240082765895186,0.05811944576557501,0.18367103925159942
2471,27,0,away,2.09,0.4408064647085511,,
2472,27,0,home,8.18,0.17728904839138346,0.04603037111249466,0.18367103925159942
2472,27,1,draw,4.75,0.24491564680285766,,
2472,27,0,away,1.45,0.577795304805759,,
2473,27,0,home,4.1,0.2938859744735263,0.043275340381791205,0.18367103925159942
2473,27,0,draw,3.66,0.2310204309139153,,
2473,27,1,away,2.0,0.4750935946125586,,
2474,27,0,home,4.5,0.18457953214146225,,
2474,27,0,draw,3.77,0.28355666172710703,0.01482958823968154,0.18367103925159942
2474,27,1,away,1.87,0.5318638061314308,,
2475,27,0,home,2.28,0.6568096160347355,0.32826028790848877,0.18367103925159942
2475,27,0,draw,3.69,0.21899590885932854,,
2475,27,1,away,3.2,0.124194475105936,,
2476,27,0,home,5.75,0.2650777142148356,0.08414535415889206,0.18367103925159942
2476,27,1,draw,4.02,0.3179497188419702,,
2476,27,0,away,1.66,0.41697256694319423,,
2477,27,0,home,3.77,0.3224617173756896,0.05134566010645406,0.18367103925159942
2477,27,0,draw,3.5,0.3033518395572056,,
2477,27,1,away,2.15,0.3741864430671049,,
2478,27,0,home,2.48,0.3892886848557103,,
2478,27,1,draw,3.25,0.311145752780022,0.002854301575815229,0.18367103925159942
2478,27,0,away,3.28,0.2995655623642677,,
2479,27,0,home,2.6,0.2575735742244121,,
2479,27,0,draw,3.37,0.26604379513914195,,
2479,27,1,away,3.02,0.47638263063644604,0.16612258831761384,0.18367103925159942
2480,27,0,home,2.47,0.3650425420132921,,
2480,27,1,draw,3.29,0.2770577505933192,,
2480,27,0,away,3.2,0.3578997073933887,0.041451899056251074,0.18367103925159942
2481,28,0,home,1.42,0.6576914934665197,,
2481,28,0,draw,5.25,0.2544183945940911,0.07445897966479821,0.050868892896585374
2481,28,1,away,9.5,0.08789011193938914,,
2482,28,0,home,1.52,0.6144652065204778,,
2482,28,0,draw,4.5,0.22348458031387855,,
2482,28,1,away,7.5,0.16205021316564375,0.030654017587356048,0.050868892896585374
2483,28,1,home,1.5,0.6554554982636687,,
2483,28,0,draw,4.6,0.22377230925120212,0.0074036291899104755,0.050868892896585374
2483,28,0,away,7.5,0.1207721924851293,,
2484,28,1,home,1.57,0.5553238273367956,,
2484,28,0,draw,4.33,0.2386231183417231,,
2484,28,0,away,6.72,0.20605305432148127,0.06348094877487763,0.050868892896585374
2485,28,1,home,2.14,0.4078289539769804,,
2485,28,0,draw,3.67,0.2994838944832862,0.033957688738673796,0.050868892896585374
2485,28,0,away,3.55,0.29268715153973346,,
2486,28,1,home,1.22,0.7522609260016262,,
2486,28,0,draw,7.5,0.1572818378824887,,
2486,28,0,away,17.0,0.09045723611588513,0.031755800762549434,0.050868892896585374
2487,28,0,home,3.9,0.2602031992009264,,
2487,28,1,draw,3.4,0.3294240560472224,0.04590381830981347,0.050868892896585374
2487,28,0,away,2.14,0.4103727447518512,,
2488,28,0,home,4.8,0.2675578939534028,0.07012598637003656,0.050868892896585374
2488,28,1,draw,4.0,0.251151700843839,,
2488,28,0,away,1.78,0.4812904052027583,,
2489,28,1,home,2.31,0.466458455790767,0.054019343048714606,0.050868892896585374
2489,28,0,draw,3.25,0.2717717956015945,,
2489,28,0,away,3.7,0.26176974860763835,,
2490,28,0,home,1.93,0.4969660453623117,,
2490,28,0,draw,3.52,0.2936779815128169,0.01216232020584027,0.050868892896585374
2490,28,1,away,4.54,0.20935597312487134,,
2491,29,0,home,10.46,0.13361374533649428,0.034717058259604416,0.1469495634170122
2491,29,0,draw,5.04,0.16815758562802094,,
2491,29,1,away,1.37,0.6982286690354849,,
2492,29,0,home,3.03,0.3110929989898968,,
2492,29,0,draw,3.14,0.31851473004953,4.905777332976101e-05,0.1469495634170122
2492,29,1,away,2.68,0.37039227096057337,,
2493,29,1,home,1.56,0.6322906831822045,0.0,0.1469495634170122
2493,29,0,draw,4.25,0.2280297210394304,,
2493,29,0,away,7.0,0.13967959577836522,,
2494,29,1,home,2.65,0.4194499936225205,0.053128580145614765,0.1469495634170122
2494,29,0,draw,3.4,0.2902755150552635,,
2494,29,0,away,2.87,0.29027449132221617,,
2495,29,1,home,1.88,0.5935435704340467,0.10374680282947069,0.1469495634170122
2495,29,0,draw,3.63,0.2146691512668716,,
2495,29,0,away,4.59,0.19178727829908174,,
2496,29,0,home,5.0,0.32684953868564914,0.1397882351653088,0.1469495634170122
2496,29,0,draw,3.86,0.2779641730272346,,
2496,29,1,away,1.78,0.39518628828711616,,
2497,29,0,home,2.48,0.3703741738997041,,
2497,29,0,draw,3.42,0.28079151399147784,,
2497,29,1,away,3.1,0.3488343121088181,0.030251023138489572,0.1469495634170122
2498,29,1,home,1.67,0.37513763234592296,,
2498,29,0,draw,3.61,0.3094181572872796,,
2498,29,0,away,6.73,0.3154442103667975,0.1843532952191717,0.1469495634170122
2499,29,0,home,2.9,0.3256571877507017,,
2499,29,1,draw,3.6,0.2957305702287666,0.0193458047908591,0.1469495634170122
2499,29,0,away,2.56,0.3786122420205318,,
2500,29,0,home,3.03,0.3607977932129883,0.0359343648711896,0.1469495634170122
2500,29,0,draw,3.46,0.24954880785192346,,
2500,29,1,away,2.48,0.38965339893508816,,
2501,30,0,home,1.22,0.6311213312869677,,
2501,30,0,draw,6.75,0.2282753556044519,,
2501,30,1,away,17.0,0.1406033131085805,0.0767597739079394,0.1822668384621854
2502,30,1,home,1.53,0.4806326232709464,,
2502,30,0,draw,4.56,0.2784311493461399,,
2502,30,0,away,7.0,0.24093622738291384,0.09532892476007519,0.1822668384621854
2503,30,0,home,6.75,0.29707349566154834,0.15513744537786833,0.1822668384621854
2503,30,0,draw,4.2,0.23984756345736866,,
2503,30,1,away,1.61,0.4630789408810829,,
2504,30,0,home,3.18,0.3872403956301431,0.08051997383826812,0.1822668384621854
2504,30,0,draw,3.7,0.3040820525582692,,
2504,30,1,away,2.3,0.3086775518115876,,
2505,30,1,home,2.11,0.3573503702958648,,
2505,30,0,draw,3.4,0.3188072084918829,,
2505,30,0,away,3.97,0.3238424212122523,0.07392061749815183,0.1822668384621854
2506,30,0,home,5.8,0.2582330450986522,0.08352811142570744,0.1822668384621854
2506,30,1,draw,4.17,0.2315304173178881,,
2506,30,0,away,1.65,0.5102365375834597,,
2507,30,1,home,2.32,0.4127513792245824,,
2507,30,0,draw,3.36,0.305261533175038,0.007772448437990316,0.1822668384621854
2507,30,0,away,3.4,0.28198708760037955,,
2508,30,1,home,1.67,0.5773599701852585,,
2508,30,0,draw,4.04,0.2441188804848205,,
2508,30,0,away,5.59,0.1785211493299209,1.1043062747821468e-18,0.1822668384621854
2509,30,0,home,1.84,0.5156581254337749,,
2509,30,1,draw,3.54,0.2912412462318552,0.008727525830575015,0.1822668384621854
2509,30,0,away,5.07,0.19310062833436994,,
2510,30,0,home,3.0,0.2843423357646302,,
2510,30,0,draw,3.21,0.30826754138547,,
2510,30,1,away,2.66,0.4073901228498998,0.03644333932667069,0.1822668384621854
2511,31,0,home,2.6,0.3593226514141831,,
2511,31,0,draw,3.1,0.29361182281524506,,
2511,31,1,away,3.22,0.3470655257705719,0.04207371984556324,0.11352320402148666
2512,31,0,home,1.33,0.7251771061397524,,
2512,31,0,draw,6.5,0.16479738380248926,,
2512,31,1,away,10.5,0.11002551005775832,0.013124247542614422,0.11352320402148666
2513,31,1,home,1.53,0.5828902640373721,,
2513,31,0,draw,4.6,0.26064441501410485,0.044960874881948894,0.11352320402148666
2513,31,0,away,6.5,0.15646532094852292,,
2514,31,0,home,7.31,0.2297177487643115,0.09637405981387477,0.11352320402148666
2514,31,0,draw,4.2,0.2881768104768423,,
2514,31,1,away,1.55,0.4821054407588463,,
2515,31,0,home,2.41,0.315609618718016,,
2515,31,0,draw,3.18,0.3098282726745928,,
2515,31,1,away,3.43,0.3745621086073911,0.09831667769860089,0.11352320402148666
2516,31,1,home,3.11,0.3044489231299152,,
2516,31,0,draw,3.47,0.27806743099332104,,
2516,31,0,away,2.45,0.4174836458767636,0.012176913494499033,0.11352320402148666
2517,31,0,home,2.9,0.4037021612884064,0.07271436609255659,0.11352320402148666
2517,31,0,draw,3.49,0.2779273127221435,,
2517,31,1,away,2.56,0.3183705259894501,,
2518,31,0,home,6.5,0.2156441685583252,0.06220708868497767,0.11352320402148666
2518,31,0,draw,4.1,0.2571406844268797,,
2518,31,1,away,1.63,0.527215147014795,,
2519,31,1,home,3.69,0.38371331753700505,0.13488015531931655,0.11352320402148666
2519,31,0,draw,3.34,0.2625419064016967,,
2519,31,0,away,2.21,0.35374477606129834,,
2520,31,0,home,2.33,0.35253510833975266,,
2520,31,1,draw,3.3,0.27609088200392345,,
2520,31,0,away,3.45,0.371374009656324,0.09618324720655534,0.11352320402148666
2521,32,0,home,3.5,0.3563030318179781,0.08863638953936619,0.07495890800901585
2521,32,1,draw,3.56,0.2792469287895893,,
2521,32,0,away,2.21,0.3644500393924327,,
2522,32,1,home,3.75,0.2777776467619416,,
2522,32,0,draw,3.5,0.3069201877869646,0.02568504455064826,0.07495890800901585
2522,32,0,away,2.14,0.4153021654510938,,
2523,32,1,home,1.72,0.4845803102559039,,
2523,32,0,draw,3.6,0.27697919217050204,,
2523,32,0,away,6.0,0.23844049757359406,0.07895125567952473,0.07495890800901585
2524,32,0,home,1.79,0.5064374548090507,,
2524,32,1,draw,3.8,0.2820406387970051,,
2524,32,0,away,5.25,0.2115219063939443,0.022630269384618876,0.07495890800901585
2525,32,1,home,1.38,0.6856915320293756,,
2525,32,0,draw,5.25,0.2030460569297544,,
2525,32,0,away,10.0,0.11126241104086997,0.010893996072374275,0.07495890800901585
2526,32,0,home,4.85,0.2689341231357047,0.07124733002029641,0.07495890800901585
2526,32,1,draw,4.36,0.24324907408843086,,
2526,32,0,away,1.7,0.4878168027758645,,
2527,32,0,home,1.63,0.5611163203853602,,
2527,32,1,draw,4.0,0.2470706025794944,,
2527,32,0,away,6.66,0.1918130770351454,0.04379176509327474,0.07495890800901585
2528,32,1,home,1.83,0.5846357299139042,0.07267407565788214,0.07495890800901585
2528,32,0,draw,3.86,0.25139090996553404,,
2528,32,0,away,4.56,0.16397336012056182,,
2529,32,0,home,9.0,0.15534551818600464,0.04506284897004505,0.07495890800901585
2529,32,0,draw,5.02,0.19782988258610787,,
2529,32,1,away,1.4,0.6468245992278874,,
2530,32,1,home,1.6,0.4722239380927678,,
2530,32,0,draw,4.2,0.293860821376029,,
2530,32,0,away,6.22,0.23391524053120336,0.08012065478780817,0.07495890800901585
2531,33,0,home,2.08,0.4671738223783192,,
2531,33,0,draw,3.52,0.2792118870793115,,
2531,33,1,away,3.88,0.2536142905423693,2.8129488827831957e-19,0.10649839857847537
2532,33,0,home,1.26,0.6308677251468198,,
2532,33,1,draw,6.53,0.22149332583085166,,
2532,33,0,away,13.0,0.14763894902232866,0.07037990814229957,0.10649839857847537
2533,33,0,home,5.0,0.2642115234276189,0.06967127765686634,0.10649839857847537
2533,33,0,draw,3.88,0.2701230783762343,,
2533,33,1,away,1.78,0.4656653981961467,,
2534,33,1,home,5.54,0.2745288901567518,0.10313879425748303,0.10649839857847537
2534,33,0,draw,3.67,0.3139014273460846,,
2534,33,0,away,1.75,0.4115696824971635,,
2535,33,0,home,2.12,0.4241366975806836,,
2535,33,0,draw,3.4,0.333818128065604,0.04715066182397534,0.10649839857847537
2535,33,1,away,4.0,0.2420451743537124,,
2536,33,0,home,4.17,0.2460333346759628,0.006735324228077862,0.10649839857847537
2536,33,1,draw,4.2,0.2334417877839967,,
2536,33,0,away,1.83,0.5205248775400406,,
2537,33,0,home,1.9,0.4618052060364569,,
2537,33,1,draw,3.8,0.27990746259982596,,
2537,33,0,away,4.4,0.2582873313637172,0.03363446730462165,0.10649839857847537
2538,33,1,home,1.48,0.5188367488055486,,
2538,33,0,draw,4.4,0.2845467851586658,,
2538,33,0,away,8.5,0.1966164660357855,0.08105516194869707,0.10649839857847537
2539,33,0,home,4.0,0.2468903927752785,,
2539,33,1,draw,3.92,0.2912634578218061,0.04073569954912293,0.10649839857847537
2539,33,0,away,2.0,0.4618461494029154,,
2540,33,0,home,11.0,0.1358558529979138,0.043520249011744866,0.10649839857847537
2540,33,0,draw,5.25,0.2139020671762323,,
2540,33,1,away,1.35,0.6502420798258538,,
2541,34,1,home,2.19,0.3554397621297033,,
2541,34,0,draw,3.52,0.3057065720927435,,
2541,34,0,away,3.54,0.3388536657775532,0.07107853683556153,0.06952767945110244
2542,34,1,home,1.5,0.5941483913011679,,
2542,34,0,draw,4.4,0.2479640775884987,,
2542,34,0,away,8.0,0.15788753111033332,0.0340517035640137,0.06952767945110244
2543,34,0,home,2.07,0.3885667824627248,,
2543,34,0,draw,3.7,0.3194939773446725,,
2543,34,1,away,4.2,0.2919392401926028,0.06409334116819897,0.06952767945110244
2544,34,0,home,3.75,0.27284099740475737,0.00741476994350057,0.06952767945110244
2544,34,0,draw,3.6,0.2750643100765077,,
2544,34,1,away,2.1,0.4520946925187348,,
2545,34,1,home,1.3,0.7442390750665103,,
2545,34,0,draw,6.11,0.18019119265012576,0.017562145153108076,0.06952767945110244
2545,34,0,away,13.0,0.07556973228336382,,
2546,34,0,home,3.0,0.3484345797768071,0.019989486615628063,0.06952767945110244
2546,34,1,draw,3.25,0.2862554389257422,,
2546,34,0,away,2.65,0.3653099812974507,,
2547,34,0,home,3.21,0.2609438515928463,,
2547,34,0,draw,3.6,0.3198759592772273,0.052265481826483606,0.06952767945110244
2547,34,1,away,2.33,0.4191801891299264,,
2548,34,0,home,1.44,0.5136543865896407,,
2548,34,0,draw,4.92,0.2717176597719957,,
2548,34,1,away,8.5,0.2146279536383636,0.10584979469860527,0.06952767945110244
2549,34,1,home,3.56,0.3230222935841005,0.052512986840368744,0.06952767945110244
2549,34,0,draw,3.9,0.2614427263944882,,
2549,34,0,away,2.06,0.4155349800214114,,
2550,34,0,home,3.02,0.3769197041573215,0.061320254205607536,0.06952767945110244
2550,34,0,draw,3.32,0.26904553494368616,,
2550,34,1,away,2.6,0.35403476089899244,,
2551,35,0,home,1.95,0.5690632724797468,0.0878161822920061,0.12349281186298713
2551,35,0,draw,3.55,0.2371699375601916,,
2551,35,1,away,4.4,0.1937667899600615,,
2552,35,1,home,1.3,0.6161587382308054,,
2552,35,0,draw,6.19,0.2333298629857577,,
2552,35,0,away,12.0,0.15051139878343692,0.06474354307158257,0.12349281186298713
2553,35,1,home,3.5,0.2718405045779962,,
2553,35,0,draw,3.46,0.3285102008623949,0.04282491182353679,0.12349281186298713
2553,35,0,away,2.3,0.39964929455960896,,
2554,35,0,home,4.6,0.25561804119856363,0.03818500466842565,0.12349281186298713
2554,35,0,draw,3.9,0.2490971506150476,,
2554,35,1,away,1.85,0.4952848081863888,,
2555,35,0,home,2.3,0.3911600891909551,,
2555,35,0,draw,3.51,0.29865521083554,0.014361177278562662,0.12349281186298713
2555,35,1,away,3.35,0.310184699973505,,
2556,35,1,home,1.47,0.5560851128729107,,
2556,35,0,draw,4.7,0.2662631889790112,,
2556,35,0,away,7.6,0.17765169814807813,0.04348686763085038,0.12349281186298713
2557,35,0,home,2.25,0.3221149021322259,,
2557,35,0,draw,3.56,0.31375594597974393,,
2557,35,1,away,3.44,0.3641291518880301,0.08345217589835902,0.12349281186298713
2558,35,0,home,2.59,0.5414748092289884,0.22191572075821653,0.12349281186298713
2558,35,0,draw,3.42,0.2279004073758435,,
2558,35,1,away,3.0,0.2306247833951683,,
2559,35,1,home,2.15,0.3377193480458042,,
2559,35,0,draw,3.65,0.3112644089336133,,
2559,35,0,away,3.75,0.35101624302058243,0.0946859636791063,0.12349281186298713
2560,35,0,home,1.75,0.4623662710812466,,
2560,35,0,draw,4.0,0.2944049900998226,,
2560,35,1,away,5.25,0.2432287388189308,0.05258915944650291,0.12349281186298713
2561,36,0,home,2.82,0.3591922684986379,,
2561,36,1,draw,3.5,0.3069528229896273,0.023271124508608604,0.1459622412986532
2561,36,0,away,2.65,0.3338549085117349,,
2562,36,0,home,3.2,0.4558443355016405,0.18289892079920575,0.1459622412986532
2562,36,0,draw,3.78,0.2847601058123445,,
2562,36,1,away,2.2,0.259395558686015,,
2563,36,0,home,11.02,0.13744740920038187,0.04338815758226707,0.1459622412986532
2563,36,0,draw,6.0,0.1859092116870213,,
2563,36,1,away,1.33,0.6766433791125969,,
2564,36,0,home,3.2,0.2842809140680923,,
2564,36,0,draw,3.75,0.3208348065805537,0.05962028916486605,0.1459622412986532
2564,36,1,away,2.25,0.3948842793513541,,
2565,36,1,home,2.02,0.4229627992241463,,
2565,36,0,draw,3.61,0.2967535549971937,,
2565,36,0,away,3.9,0.28028364577865994,0.02523470722120812,0.1459622412986532
2566,36,0,home,3.1,0.3103973780878685,,
2566,36,1,draw,3.6,0.3001412312738063,0.0242679777446419,0.1459622412986532
2566,36,0,away,2.4,0.38946139063832497,,
2567,36,1,home,3.14,0.2914563689135193,,
2567,36,0,draw,3.6,0.33211530128179106,0.06063413844014121,0.1459622412986532
2567,36,0,away,2.38,0.3764283298046897,,
2568,36,1,home,1.56,0.5812096801844898,,
2568,36,0,draw,4.4,0.25959880979876365,0.033243986877538746,0.1459622412986532
2568,36,0,away,6.5,0.15919151001674658,,
2569,36,0,home,15.0,0.18088893487670546,0.11555849472248232,0.1459622412986532
2569,36,0,draw,7.0,0.2105893971564759,,
2569,36,1,away,1.24,0.6085216679668185,,
2570,36,0,home,1.4,0.6159829164684472,,
2570,36,0,draw,4.9,0.2414751244584554,,
2570,36,1,away,9.0,0.1425419590730976,0.028828435015722742,0.1459622412986532
2571,37,0,home,1.33,0.6618289222172085,,
2571,37,1,draw,6.0,0.22007370983928345,0.0517599659181329,0.15507686180844563
2571,37,0,away,9.5,0.11809736794350825,,
2572,37,0,home,2.7,0.3324239632606623,,
2572,37,0,draw,3.9,0.3042788008240315,0.050570492312329456,0.15507686180844563
2572,37,1,away,2.61,0.3632972359153062,,
2573,37,1,home,7.5,0.1497242124548013,0.014620339819864546,0.15507686180844563
2573,37,0,draw,4.53,0.18019074460837148,,
2573,37,0,away,1.5,0.6700850429368272,,
2574,37,1,home,1.74,0.5323657142823364,,
2574,37,0,draw,3.75,0.23817367553666716,,
2574,37,0,away,5.5,0.2294606101809965,0.04646399968780124,0.15507686180844563
2575,37,1,home,1.9,0.4372045722646241,,
2575,37,0,draw,3.7,0.30748967051299664,,
2575,37,0,away,4.5,0.2553057572223794,0.033080272526200376,0.15507686180844563
2576,37,1,home,1.75,0.4926902371810573,,
2576,37,0,draw,3.87,0.267498710499431,,
2576,37,0,away,4.82,0.23981105231951155,0.03178643293707707,0.15507686180844563
2577,37,0,home,1.54,0.621549628693966,,
2577,37,0,draw,4.77,0.2343736126153529,0.02415724990724423,0.15507686180844563
2577,37,1,away,6.0,0.14407675869068104,,
2578,37,0,home,6.5,0.27117111315265285,0.12198277419330097,0.15507686180844563
2578,37,0,draw,4.5,0.2879630213587161,,
2578,37,1,away,1.55,0.4408658654886311,,
2579,37,0,home,11.5,0.20471124385857573,0.11878153724910244,0.15507686180844563
2579,37,0,draw,7.0,0.2529081194124918,,
2579,37,1,away,1.26,0.5423806367289323,,
2580,37,0,home,5.5,0.2740288229822065,0.09501905420028567,0.15507686180844563
2580,37,0,draw,4.33,0.30022013585410273,,
2580,37,1,away,1.63,0.42575104116369067,,
2581,38,1,home,1.63,0.4771835549538464,,
2581,38,0,draw,4.46,0.2818349413142821,,
2581,38,0,away,5.5,0.2409815037318716,0.058104883042847354,0.14750619265362325
2582,38,1,home,7.0,0.2369430458096844,0.09448473379447214,0.14750619265362325
2582,38,0,draw,4.63,0.2632377491455599,,
2582,38,0,away,1.51,0.4998192050447557,,
2583,38,0,home,2.15,0.3311449303367401,,
2583,38,0,draw,3.94,0.3141890496745155,0.0636896922585158,0.14750619265362325
2583,38,1,away,3.41,0.3546660199887444,,
2584,38,1,home,1.45,0.4689216311924278,,
2584,38,0,draw,5.25,0.2899806373408035,,
2584,38,0,away,7.0,0.24109773146676874,0.09921079810729085,0.14750619265362325
2585,38,0,home,2.06,0.3807799213936004,,
2585,38,0,draw,4.19,0.2763716220978885,,
2585,38,1,away,3.5,0.3428484565085111,0.06224442613581983,0.14750619265362325
2586,38,1,home,1.17,0.6664845941356089,,
2586,38,0,draw,8.73,0.20639985183922427,,
2586,38,0,away,18.32,0.12711555402516686,0.06934605396037202,0.14750619265362325
2587,38,1,home,1.47,0.7408736653938857,0.14084218138004634,0.14750619265362325
2587,38,0,draw,5.09,0.15613274824533355,,
2587,38,0,away,7.24,0.10299358636078068,,
2588,38,1,home,2.88,0.34466165529901804,,
2588,38,0,draw,3.74,0.2927588781797042,0.02601930660027735,0.14750619265362325
2588,38,0,away,2.45,0.36257946652127776,,
2589,38,1,home,1.74,0.4139648902433787,,
2589,38,0,draw,4.1,0.3081820197231792,,
2589,38,0,away,5.03,0.277853090033442,0.0809910594422956,0.14750619265362325
2590,38,0,home,2.59,0.3154608279059469,,
2590,38,0,draw,3.78,0.2843367104900418,,
2590,38,1,away,2.75,0.4002024616040112,0.04317626598373782,0.14750619265362325
